study,proxy,Source,Age,norm,norm_leoss,SID,SIK
Drolet et al. 2010,Canada,Poder et al.,18,0.843,0.8593713060632404,DroCAN,1
Drolet et al. 2010,Canada,Poder et al.,19,0.843,0.8575379654612578,DroCAN,1
Drolet et al. 2010,Canada,Poder et al.,20,0.843,0.8557370923231938,DroCAN,1
Drolet et al. 2010,Canada,Poder et al.,21,0.843,0.8539639014408232,DroCAN,1
Drolet et al. 2010,Canada,Poder et al.,22,0.843,0.8522136076059207,DroCAN,1
Drolet et al. 2010,Canada,Poder et al.,23,0.843,0.8504814256102615,DroCAN,1
Drolet et al. 2010,Canada,Poder et al.,24,0.843,0.8487625702456204,DroCAN,1
Drolet et al. 2010,Canada,Poder et al.,25,0.865,0.8470522563037725,DroCAN,1
Drolet et al. 2010,Canada,Poder et al.,26,0.865,0.8453456985764927,DroCAN,1
Drolet et al. 2010,Canada,Poder et al.,27,0.865,0.8436381118555558,DroCAN,1
Drolet et al. 2010,Canada,Poder et al.,28,0.865,0.8419247109327369,DroCAN,1
Drolet et al. 2010,Canada,Poder et al.,29,0.865,0.8401943695920474,DroCAN,1
Drolet et al. 2010,Canada,Poder et al.,30,0.837,0.8384477634310595,DroCAN,1
Drolet et al. 2010,Canada,Poder et al.,31,0.837,0.8366978099618888,DroCAN,1
Drolet et al. 2010,Canada,Poder et al.,32,0.837,0.8349574266966517,DroCAN,1
Drolet et al. 2010,Canada,Poder et al.,33,0.837,0.8332395311474634,DroCAN,1
Drolet et al. 2010,Canada,Poder et al.,34,0.837,0.8315570408264404,DroCAN,1
Drolet et al. 2010,Canada,Poder et al.,35,0.837,0.8299228732456982,DroCAN,1
Drolet et al. 2010,Canada,Poder et al.,36,0.837,0.8283499459173532,DroCAN,1
Drolet et al. 2010,Canada,Poder et al.,37,0.837,0.8268511763535206,DroCAN,1
Drolet et al. 2010,Canada,Poder et al.,38,0.837,0.8254394820663169,DroCAN,1
Drolet et al. 2010,Canada,Poder et al.,39,0.837,0.8239737644957082,DroCAN,1
Drolet et al. 2010,Canada,Poder et al.,40,0.824,0.8223389875355286,DroCAN,1
Drolet et al. 2010,Canada,Poder et al.,41,0.824,0.8205871623786953,DroCAN,1
Drolet et al. 2010,Canada,Poder et al.,42,0.824,0.8187703002181252,DroCAN,1
Drolet et al. 2010,Canada,Poder et al.,43,0.824,0.8169404122467353,DroCAN,1
Drolet et al. 2010,Canada,Poder et al.,44,0.824,0.8151495096574433,DroCAN,1
Drolet et al. 2010,Canada,Poder et al.,45,0.804,0.8134496036431659,DroCAN,1
Drolet et al. 2010,Canada,Poder et al.,46,0.804,0.8118927053968202,DroCAN,1
Drolet et al. 2010,Canada,Poder et al.,47,0.804,0.8105308261113235,DroCAN,1
Drolet et al. 2010,Canada,Poder et al.,48,0.804,0.8094159769795927,DroCAN,1
Drolet et al. 2010,Canada,Poder et al.,49,0.804,0.808600169194545,DroCAN,1
Drolet et al. 2010,Canada,Poder et al.,50,0.798,0.808199203623278,DroCAN,1
Drolet et al. 2010,Canada,Poder et al.,51,0.798,0.8082339852939933,DroCAN,1
Drolet et al. 2010,Canada,Poder et al.,52,0.798,0.8086141816412635,DroCAN,1
Drolet et al. 2010,Canada,Poder et al.,53,0.798,0.8092494600996627,DroCAN,1
Drolet et al. 2010,Canada,Poder et al.,54,0.798,0.8100494881037631,DroCAN,1
Drolet et al. 2010,Canada,Poder et al.,55,0.805,0.8109239330881388,DroCAN,1
Drolet et al. 2010,Canada,Poder et al.,56,0.805,0.8117824624873622,DroCAN,1
Drolet et al. 2010,Canada,Poder et al.,57,0.805,0.8125347437360071,DroCAN,1
Drolet et al. 2010,Canada,Poder et al.,58,0.805,0.8130904442686463,DroCAN,1
Drolet et al. 2010,Canada,Poder et al.,59,0.805,0.8133592315198531,DroCAN,1
Drolet et al. 2010,Canada,Poder et al.,60,0.822,0.813601305582469,DroCAN,1
Drolet et al. 2010,Canada,Poder et al.,61,0.822,0.8140959998385117,DroCAN,1
Drolet et al. 2010,Canada,Poder et al.,62,0.822,0.8147816816563193,DroCAN,1
Drolet et al. 2010,Canada,Poder et al.,63,0.822,0.8155967184042295,DroCAN,1
Drolet et al. 2010,Canada,Poder et al.,64,0.822,0.8164794774505799,DroCAN,1
Drolet et al. 2010,Canada,Poder et al.,65,0.832,0.817368326163709,DroCAN,1
Drolet et al. 2010,Canada,Poder et al.,66,0.832,0.8182016319119538,DroCAN,1
Drolet et al. 2010,Canada,Poder et al.,67,0.832,0.8189177620636525,DroCAN,1
Drolet et al. 2010,Canada,Poder et al.,68,0.832,0.8194550839871432,DroCAN,1
Drolet et al. 2010,Canada,Poder et al.,69,0.832,0.8197519650507631,DroCAN,1
Drolet et al. 2010,Canada,Poder et al.,70,0.827,0.8197467726228505,DroCAN,1
Drolet et al. 2010,Canada,Poder et al.,71,0.827,0.8194691194809107,DroCAN,1
Drolet et al. 2010,Canada,Poder et al.,72,0.827,0.8190129038623288,DroCAN,1
Drolet et al. 2010,Canada,Poder et al.,73,0.827,0.8184129213252611,DroCAN,1
Drolet et al. 2010,Canada,Poder et al.,74,0.827,0.8177039674278646,DroCAN,1
Drolet et al. 2010,Canada,Poder et al.,75,0.803,0.8169208377282956,DroCAN,1
Drolet et al. 2010,Canada,Poder et al.,76,0.803,0.8160983277847111,DroCAN,1
Drolet et al. 2010,Canada,Poder et al.,77,0.803,0.8152712331552677,DroCAN,1
Drolet et al. 2010,Canada,Poder et al.,78,0.803,0.814474349398122,DroCAN,1
Drolet et al. 2010,Canada,Poder et al.,79,0.803,0.8137424720714306,DroCAN,1
Drolet et al. 2010,Canada,Poder et al.,80,0.803,0.8131103967333504,DroCAN,1
Drolet et al. 2010,Canada,Poder et al.,81,0.803,0.8125053286786996,DroCAN,1
Drolet et al. 2010,Canada,Poder et al.,82,0.803,0.8118372393100027,DroCAN,1
Drolet et al. 2010,Canada,Poder et al.,83,0.803,0.8111150733469757,DroCAN,1
Drolet et al. 2010,Canada,Poder et al.,84,0.803,0.8103477755093348,DroCAN,1
Drolet et al. 2010,Canada,Poder et al.,85,0.803,0.8095442905167953,DroCAN,1
Drolet et al. 2010,Canada,Poder et al.,86,0.803,0.8087135630890739,DroCAN,1
Drolet et al. 2010,Canada,Poder et al.,87,0.803,0.8078645379458859,DroCAN,1
Drolet et al. 2010,Canada,Poder et al.,88,0.803,0.8070061598069476,DroCAN,1
Drolet et al. 2010,Canada,Poder et al.,89,0.803,0.8061473733919748,DroCAN,1
Drolet et al. 2010,Canada,Poder et al.,90,0.803,0.8052971234206836,DroCAN,1
Drolet et al. 2010,Canada,Poder et al.,91,0.803,0.804456156411121,DroCAN,1
Drolet et al. 2010,Canada,Poder et al.,92,0.803,0.8036170337221625,DroCAN,1
Drolet et al. 2010,Canada,Poder et al.,93,0.803,0.8027764223347665,DroCAN,1
Drolet et al. 2010,Canada,Poder et al.,94,0.803,0.8019309892298918,DroCAN,1
Drolet et al. 2010,Canada,Poder et al.,95,0.803,0.8010774013884966,DroCAN,1
Drolet et al. 2010,Canada,Poder et al.,96,0.803,0.8002123257915393,DroCAN,1
Drolet et al. 2010,Canada,Poder et al.,97,0.803,0.7993324294199784,DroCAN,1
Drolet et al. 2010,Canada,Poder et al.,98,0.803,0.7984343792547725,DroCAN,1
Drolet et al. 2010,Canada,Poder et al.,99,0.803,0.7975148422768799,DroCAN,1
Drolet et al. 2010,Canada,Poder et al.,100,0.803,0.7965704854672594,DroCAN,1
Rampakakis et al. 2017 Argentina,Argentina,Janssen et al.,18,0.907,0.9096516110413574,RamARG,2
Rampakakis et al. 2017 Argentina,Argentina,Janssen et al.,19,0.907,0.9079451897089472,RamARG,2
Rampakakis et al. 2017 Argentina,Argentina,Janssen et al.,20,0.907,0.9062230114037858,RamARG,2
Rampakakis et al. 2017 Argentina,Argentina,Janssen et al.,21,0.907,0.904485731337716,RamARG,2
Rampakakis et al. 2017 Argentina,Argentina,Janssen et al.,22,0.907,0.9027340047225808,RamARG,2
Rampakakis et al. 2017 Argentina,Argentina,Janssen et al.,23,0.907,0.9009684867702232,RamARG,2
Rampakakis et al. 2017 Argentina,Argentina,Janssen et al.,24,0.907,0.8991898326924868,RamARG,2
Rampakakis et al. 2017 Argentina,Argentina,Janssen et al.,25,0.889,0.8973986977012142,RamARG,2
Rampakakis et al. 2017 Argentina,Argentina,Janssen et al.,26,0.889,0.8955957370082483,RamARG,2
Rampakakis et al. 2017 Argentina,Argentina,Janssen et al.,27,0.889,0.8937816058254328,RamARG,2
Rampakakis et al. 2017 Argentina,Argentina,Janssen et al.,28,0.889,0.8919569593646102,RamARG,2
Rampakakis et al. 2017 Argentina,Argentina,Janssen et al.,29,0.889,0.8901243637659441,RamARG,2
Rampakakis et al. 2017 Argentina,Argentina,Janssen et al.,30,0.889,0.8882845232310627,RamARG,2
Rampakakis et al. 2017 Argentina,Argentina,Janssen et al.,31,0.889,0.8864353000640065,RamARG,2
Rampakakis et al. 2017 Argentina,Argentina,Janssen et al.,32,0.889,0.8845745565688168,RamARG,2
Rampakakis et al. 2017 Argentina,Argentina,Janssen et al.,33,0.889,0.8827001550495335,RamARG,2
Rampakakis et al. 2017 Argentina,Argentina,Janssen et al.,34,0.889,0.8808099578101979,RamARG,2
Rampakakis et al. 2017 Argentina,Argentina,Janssen et al.,35,0.869,0.8789018271548502,RamARG,2
Rampakakis et al. 2017 Argentina,Argentina,Janssen et al.,36,0.869,0.8769736253875314,RamARG,2
Rampakakis et al. 2017 Argentina,Argentina,Janssen et al.,37,0.869,0.8750232148122822,RamARG,2
Rampakakis et al. 2017 Argentina,Argentina,Janssen et al.,38,0.869,0.873048457733143,RamARG,2
Rampakakis et al. 2017 Argentina,Argentina,Janssen et al.,39,0.869,0.8710803955370293,RamARG,2
Rampakakis et al. 2017 Argentina,Argentina,Janssen et al.,40,0.869,0.8691436629753783,RamARG,2
Rampakakis et al. 2017 Argentina,Argentina,Janssen et al.,41,0.869,0.8672265123990135,RamARG,2
Rampakakis et al. 2017 Argentina,Argentina,Janssen et al.,42,0.869,0.8653171961587584,RamARG,2
Rampakakis et al. 2017 Argentina,Argentina,Janssen et al.,43,0.869,0.8634039666054364,RamARG,2
Rampakakis et al. 2017 Argentina,Argentina,Janssen et al.,44,0.869,0.8614750760898712,RamARG,2
Rampakakis et al. 2017 Argentina,Argentina,Janssen et al.,45,0.849,0.8595187769628861,RamARG,2
Rampakakis et al. 2017 Argentina,Argentina,Janssen et al.,46,0.849,0.8575233215753049,RamARG,2
Rampakakis et al. 2017 Argentina,Argentina,Janssen et al.,47,0.849,0.8554769622779507,RamARG,2
Rampakakis et al. 2017 Argentina,Argentina,Janssen et al.,48,0.849,0.8533679514216471,RamARG,2
Rampakakis et al. 2017 Argentina,Argentina,Janssen et al.,49,0.849,0.8511845413572178,RamARG,2
Rampakakis et al. 2017 Argentina,Argentina,Janssen et al.,50,0.849,0.8490626723769412,RamARG,2
Rampakakis et al. 2017 Argentina,Argentina,Janssen et al.,51,0.849,0.8471031900983946,RamARG,2
Rampakakis et al. 2017 Argentina,Argentina,Janssen et al.,52,0.849,0.8452417048603493,RamARG,2
Rampakakis et al. 2017 Argentina,Argentina,Janssen et al.,53,0.849,0.8434138270015774,RamARG,2
Rampakakis et al. 2017 Argentina,Argentina,Janssen et al.,54,0.849,0.8415551668608496,RamARG,2
Rampakakis et al. 2017 Argentina,Argentina,Janssen et al.,55,0.829,0.839601334776938,RamARG,2
Rampakakis et al. 2017 Argentina,Argentina,Janssen et al.,56,0.829,0.837487941088614,RamARG,2
Rampakakis et al. 2017 Argentina,Argentina,Janssen et al.,57,0.829,0.835150596134649,RamARG,2
Rampakakis et al. 2017 Argentina,Argentina,Janssen et al.,58,0.829,0.8325249102538147,RamARG,2
Rampakakis et al. 2017 Argentina,Argentina,Janssen et al.,59,0.829,0.8295464937848827,RamARG,2
Rampakakis et al. 2017 Argentina,Argentina,Janssen et al.,60,0.829,0.8261408718954906,RamARG,2
Rampakakis et al. 2017 Argentina,Argentina,Janssen et al.,61,0.829,0.8223283030045223,RamARG,2
Rampakakis et al. 2017 Argentina,Argentina,Janssen et al.,62,0.829,0.8181864973276186,RamARG,2
Rampakakis et al. 2017 Argentina,Argentina,Janssen et al.,63,0.829,0.8137931650804191,RamARG,2
Rampakakis et al. 2017 Argentina,Argentina,Janssen et al.,64,0.829,0.8092260164785647,RamARG,2
Rampakakis et al. 2017 Argentina,Argentina,Janssen et al.,65,0.796,0.8045627617376957,RamARG,2
Rampakakis et al. 2017 Argentina,Argentina,Janssen et al.,66,0.796,0.7998811110734524,RamARG,2
Rampakakis et al. 2017 Argentina,Argentina,Janssen et al.,67,0.796,0.795258774701475,RamARG,2
Rampakakis et al. 2017 Argentina,Argentina,Janssen et al.,68,0.796,0.7907734628374042,RamARG,2
Rampakakis et al. 2017 Argentina,Argentina,Janssen et al.,69,0.796,0.7865028856968801,RamARG,2
Rampakakis et al. 2017 Argentina,Argentina,Janssen et al.,70,0.796,0.7825247534955432,RamARG,2
Rampakakis et al. 2017 Argentina,Argentina,Janssen et al.,71,0.796,0.7786161160534333,RamARG,2
Rampakakis et al. 2017 Argentina,Argentina,Janssen et al.,72,0.796,0.7745480406456551,RamARG,2
Rampakakis et al. 2017 Argentina,Argentina,Janssen et al.,73,0.796,0.7703892636704461,RamARG,2
Rampakakis et al. 2017 Argentina,Argentina,Janssen et al.,74,0.796,0.766208521526045,RamARG,2
Rampakakis et al. 2017 Argentina,Argentina,Janssen et al.,75,0.724,0.7620745506106891,RamARG,2
Rampakakis et al. 2017 Argentina,Argentina,Janssen et al.,76,0.724,0.7580560873226162,RamARG,2
Rampakakis et al. 2017 Argentina,Argentina,Janssen et al.,77,0.724,0.7542218680600642,RamARG,2
Rampakakis et al. 2017 Argentina,Argentina,Janssen et al.,78,0.724,0.7506406292212712,RamARG,2
Rampakakis et al. 2017 Argentina,Argentina,Janssen et al.,79,0.724,0.7473811072044746,RamARG,2
Rampakakis et al. 2017 Argentina,Argentina,Janssen et al.,80,0.724,0.7445120384079127,RamARG,2
Rampakakis et al. 2017 Argentina,Argentina,Janssen et al.,81,0.724,0.7418886272192249,RamARG,2
Rampakakis et al. 2017 Argentina,Argentina,Janssen et al.,82,0.724,0.7393323253530704,RamARG,2
Rampakakis et al. 2017 Argentina,Argentina,Janssen et al.,83,0.724,0.7368612401982156,RamARG,2
Rampakakis et al. 2017 Argentina,Argentina,Janssen et al.,84,0.724,0.7344934791434274,RamARG,2
Rampakakis et al. 2017 Argentina,Argentina,Janssen et al.,85,0.724,0.7322471495774723,RamARG,2
Rampakakis et al. 2017 Argentina,Argentina,Janssen et al.,86,0.724,0.7301403588891173,RamARG,2
Rampakakis et al. 2017 Argentina,Argentina,Janssen et al.,87,0.724,0.7281912144671286,RamARG,2
Rampakakis et al. 2017 Argentina,Argentina,Janssen et al.,88,0.724,0.7264178237002734,RamARG,2
Rampakakis et al. 2017 Argentina,Argentina,Janssen et al.,89,0.724,0.7248382939773179,RamARG,2
Rampakakis et al. 2017 Argentina,Argentina,Janssen et al.,90,0.724,0.7234707326870293,RamARG,2
Rampakakis et al. 2017 Argentina,Argentina,Janssen et al.,91,0.724,0.7223133608580247,RamARG,2
Rampakakis et al. 2017 Argentina,Argentina,Janssen et al.,92,0.724,0.7213481412436659,RamARG,2
Rampakakis et al. 2017 Argentina,Argentina,Janssen et al.,93,0.724,0.7205687938198359,RamARG,2
Rampakakis et al. 2017 Argentina,Argentina,Janssen et al.,94,0.724,0.7199690385624179,RamARG,2
Rampakakis et al. 2017 Argentina,Argentina,Janssen et al.,95,0.724,0.7195425954472954,RamARG,2
Rampakakis et al. 2017 Argentina,Argentina,Janssen et al.,96,0.724,0.7192831844503508,RamARG,2
Rampakakis et al. 2017 Argentina,Argentina,Janssen et al.,97,0.724,0.7191845255474677,RamARG,2
Rampakakis et al. 2017 Argentina,Argentina,Janssen et al.,98,0.724,0.719240338714529,RamARG,2
Rampakakis et al. 2017 Argentina,Argentina,Janssen et al.,99,0.724,0.719444343927418,RamARG,2
Rampakakis et al. 2017 Argentina,Argentina,Janssen et al.,100,0.724,0.7197902611620176,RamARG,2
Rampakakis et al. 2017 Costa Rica,Brazil,Santos et al.,18,0.873,0.8854718207624798,RamCRI,3
Rampakakis et al. 2017 Costa Rica,Brazil,Santos et al.,19,0.873,0.8825730442321693,RamCRI,3
Rampakakis et al. 2017 Costa Rica,Brazil,Santos et al.,20,0.876,0.8796745135054226,RamCRI,3
Rampakakis et al. 2017 Costa Rica,Brazil,Santos et al.,21,0.876,0.8767720774569682,RamCRI,3
Rampakakis et al. 2017 Costa Rica,Brazil,Santos et al.,22,0.876,0.8738615849615343,RamCRI,3
Rampakakis et al. 2017 Costa Rica,Brazil,Santos et al.,23,0.876,0.8709388848938499,RamCRI,3
Rampakakis et al. 2017 Costa Rica,Brazil,Santos et al.,24,0.876,0.8679998261286429,RamCRI,3
Rampakakis et al. 2017 Costa Rica,Brazil,Santos et al.,25,0.859,0.8650402575406421,RamCRI,3
Rampakakis et al. 2017 Costa Rica,Brazil,Santos et al.,26,0.859,0.862056028004576,RamCRI,3
Rampakakis et al. 2017 Costa Rica,Brazil,Santos et al.,27,0.859,0.8590429863951731,RamCRI,3
Rampakakis et al. 2017 Costa Rica,Brazil,Santos et al.,28,0.859,0.8559969815871616,RamCRI,3
Rampakakis et al. 2017 Costa Rica,Brazil,Santos et al.,29,0.859,0.8529056368293785,RamCRI,3
Rampakakis et al. 2017 Costa Rica,Brazil,Santos et al.,30,0.85,0.8497673068744681,RamCRI,3
Rampakakis et al. 2017 Costa Rica,Brazil,Santos et al.,31,0.85,0.8465939378528695,RamCRI,3
Rampakakis et al. 2017 Costa Rica,Brazil,Santos et al.,32,0.85,0.8433974758950235,RamCRI,3
Rampakakis et al. 2017 Costa Rica,Brazil,Santos et al.,33,0.85,0.8401898671313691,RamCRI,3
Rampakakis et al. 2017 Costa Rica,Brazil,Santos et al.,34,0.85,0.8369830576923467,RamCRI,3
Rampakakis et al. 2017 Costa Rica,Brazil,Santos et al.,35,0.834,0.8337889937083955,RamCRI,3
Rampakakis et al. 2017 Costa Rica,Brazil,Santos et al.,36,0.834,0.8306196213099561,RamCRI,3
Rampakakis et al. 2017 Costa Rica,Brazil,Santos et al.,37,0.834,0.8274868866274678,RamCRI,3
Rampakakis et al. 2017 Costa Rica,Brazil,Santos et al.,38,0.834,0.8244027357913706,RamCRI,3
Rampakakis et al. 2017 Costa Rica,Brazil,Santos et al.,39,0.834,0.8212422104025666,RamCRI,3
Rampakakis et al. 2017 Costa Rica,Brazil,Santos et al.,40,0.817,0.8179029258665242,RamCRI,3
Rampakakis et al. 2017 Costa Rica,Brazil,Santos et al.,41,0.817,0.8144306890205334,RamCRI,3
Rampakakis et al. 2017 Costa Rica,Brazil,Santos et al.,42,0.817,0.8108713067018822,RamCRI,3
Rampakakis et al. 2017 Costa Rica,Brazil,Santos et al.,43,0.817,0.8072705857478606,RamCRI,3
Rampakakis et al. 2017 Costa Rica,Brazil,Santos et al.,44,0.817,0.8036743329957576,RamCRI,3
Rampakakis et al. 2017 Costa Rica,Brazil,Santos et al.,45,0.801,0.8001283552828622,RamCRI,3
Rampakakis et al. 2017 Costa Rica,Brazil,Santos et al.,46,0.801,0.7966784594464636,RamCRI,3
Rampakakis et al. 2017 Costa Rica,Brazil,Santos et al.,47,0.801,0.7933704523238514,RamCRI,3
Rampakakis et al. 2017 Costa Rica,Brazil,Santos et al.,48,0.801,0.7902501407523144,RamCRI,3
Rampakakis et al. 2017 Costa Rica,Brazil,Santos et al.,49,0.801,0.7873633315691417,RamCRI,3
Rampakakis et al. 2017 Costa Rica,Brazil,Santos et al.,50,0.765,0.7845868919959823,RamCRI,3
Rampakakis et al. 2017 Costa Rica,Brazil,Santos et al.,51,0.765,0.7817910572323714,RamCRI,3
Rampakakis et al. 2017 Costa Rica,Brazil,Santos et al.,52,0.765,0.7790116860824275,RamCRI,3
Rampakakis et al. 2017 Costa Rica,Brazil,Santos et al.,53,0.765,0.7762846373502704,RamCRI,3
Rampakakis et al. 2017 Costa Rica,Brazil,Santos et al.,54,0.765,0.7736457698400186,RamCRI,3
Rampakakis et al. 2017 Costa Rica,Brazil,Santos et al.,55,0.762,0.7711309423557913,RamCRI,3
Rampakakis et al. 2017 Costa Rica,Brazil,Santos et al.,56,0.762,0.7687760137017075,RamCRI,3
Rampakakis et al. 2017 Costa Rica,Brazil,Santos et al.,57,0.762,0.7666168426818861,RamCRI,3
Rampakakis et al. 2017 Costa Rica,Brazil,Santos et al.,58,0.762,0.7646892881004462,RamCRI,3
Rampakakis et al. 2017 Costa Rica,Brazil,Santos et al.,59,0.762,0.7630292087615069,RamCRI,3
Rampakakis et al. 2017 Costa Rica,Brazil,Santos et al.,60,0.761,0.7617088614626624,RamCRI,3
Rampakakis et al. 2017 Costa Rica,Brazil,Santos et al.,61,0.761,0.7607410063149412,RamCRI,3
Rampakakis et al. 2017 Costa Rica,Brazil,Santos et al.,62,0.761,0.7600722570926135,RamCRI,3
Rampakakis et al. 2017 Costa Rica,Brazil,Santos et al.,63,0.761,0.7596492275699496,RamCRI,3
Rampakakis et al. 2017 Costa Rica,Brazil,Santos et al.,64,0.761,0.7594185315212196,RamCRI,3
Rampakakis et al. 2017 Costa Rica,Brazil,Santos et al.,65,0.761,0.7593267827206938,RamCRI,3
Rampakakis et al. 2017 Costa Rica,Brazil,Santos et al.,66,0.761,0.7593205949426424,RamCRI,3
Rampakakis et al. 2017 Costa Rica,Brazil,Santos et al.,67,0.761,0.7593465819613355,RamCRI,3
Rampakakis et al. 2017 Costa Rica,Brazil,Santos et al.,68,0.761,0.7593513575510437,RamCRI,3
Rampakakis et al. 2017 Costa Rica,Brazil,Santos et al.,69,0.761,0.7592815354860366,RamCRI,3
Rampakakis et al. 2017 Costa Rica,Brazil,Santos et al.,70,0.761,0.759083729540585,RamCRI,3
Rampakakis et al. 2017 Costa Rica,Brazil,Santos et al.,71,0.761,0.7588635993109165,RamCRI,3
Rampakakis et al. 2017 Costa Rica,Brazil,Santos et al.,72,0.761,0.758749151695992,RamCRI,3
Rampakakis et al. 2017 Costa Rica,Brazil,Santos et al.,73,0.761,0.7587205214241807,RamCRI,3
Rampakakis et al. 2017 Costa Rica,Brazil,Santos et al.,74,0.761,0.7587578432238525,RamCRI,3
Rampakakis et al. 2017 Costa Rica,Brazil,Santos et al.,75,0.761,0.7588412518233768,RamCRI,3
Rampakakis et al. 2017 Costa Rica,Brazil,Santos et al.,76,0.761,0.7589508819511233,RamCRI,3
Rampakakis et al. 2017 Costa Rica,Brazil,Santos et al.,77,0.761,0.759066868335461,RamCRI,3
Rampakakis et al. 2017 Costa Rica,Brazil,Santos et al.,78,0.761,0.7591693457047601,RamCRI,3
Rampakakis et al. 2017 Costa Rica,Brazil,Santos et al.,79,0.761,0.7592384487873896,RamCRI,3
Rampakakis et al. 2017 Costa Rica,Brazil,Santos et al.,80,0.761,0.7592543123117194,RamCRI,3
Rampakakis et al. 2017 Costa Rica,Brazil,Santos et al.,81,0.761,0.759256370300281,RamCRI,3
Rampakakis et al. 2017 Costa Rica,Brazil,Santos et al.,82,0.761,0.7592944201149121,RamCRI,3
Rampakakis et al. 2017 Costa Rica,Brazil,Santos et al.,83,0.761,0.7593641414929402,RamCRI,3
Rampakakis et al. 2017 Costa Rica,Brazil,Santos et al.,84,0.761,0.7594612141716944,RamCRI,3
Rampakakis et al. 2017 Costa Rica,Brazil,Santos et al.,85,0.761,0.759581317888502,RamCRI,3
Rampakakis et al. 2017 Costa Rica,Brazil,Santos et al.,86,0.761,0.7597201323806919,RamCRI,3
Rampakakis et al. 2017 Costa Rica,Brazil,Santos et al.,87,0.761,0.7598733373855917,RamCRI,3
Rampakakis et al. 2017 Costa Rica,Brazil,Santos et al.,88,0.761,0.7600366126405299,RamCRI,3
Rampakakis et al. 2017 Costa Rica,Brazil,Santos et al.,89,0.761,0.7602056378828345,RamCRI,3
Rampakakis et al. 2017 Costa Rica,Brazil,Santos et al.,90,0.761,0.7603760928498338,RamCRI,3
Rampakakis et al. 2017 Costa Rica,Brazil,Santos et al.,91,0.761,0.7605493834966736,RamCRI,3
Rampakakis et al. 2017 Costa Rica,Brazil,Santos et al.,92,0.761,0.760730713802799,RamCRI,3
Rampakakis et al. 2017 Costa Rica,Brazil,Santos et al.,93,0.761,0.7609214605419868,RamCRI,3
Rampakakis et al. 2017 Costa Rica,Brazil,Santos et al.,94,0.761,0.7611230004880143,RamCRI,3
Rampakakis et al. 2017 Costa Rica,Brazil,Santos et al.,95,0.761,0.7613367104146581,RamCRI,3
Rampakakis et al. 2017 Costa Rica,Brazil,Santos et al.,96,0.761,0.7615639670956952,RamCRI,3
Rampakakis et al. 2017 Costa Rica,Brazil,Santos et al.,97,0.761,0.7618061473049021,RamCRI,3
Rampakakis et al. 2017 Costa Rica,Brazil,Santos et al.,98,0.761,0.7620646278160561,RamCRI,3
Rampakakis et al. 2017 Costa Rica,Brazil,Santos et al.,99,0.761,0.7623407854029343,RamCRI,3
Rampakakis et al. 2017 Costa Rica,Brazil,Santos et al.,100,0.761,0.7626359968393129,RamCRI,3
Rampakakis et al. 2017 Korea,Korea,Janssen et al.,18,0.957,0.9506225131279624,RamKOR,4
Rampakakis et al. 2017 Korea,Korea,Janssen et al.,19,0.957,0.9527585270651882,RamKOR,4
Rampakakis et al. 2017 Korea,Korea,Janssen et al.,20,0.957,0.9546669410845244,RamKOR,4
Rampakakis et al. 2017 Korea,Korea,Janssen et al.,21,0.957,0.9563462107280364,RamKOR,4
Rampakakis et al. 2017 Korea,Korea,Janssen et al.,22,0.957,0.9577947915377888,RamKOR,4
Rampakakis et al. 2017 Korea,Korea,Janssen et al.,23,0.957,0.9590111390558468,RamKOR,4
Rampakakis et al. 2017 Korea,Korea,Janssen et al.,24,0.957,0.9599937088242748,RamKOR,4
Rampakakis et al. 2017 Korea,Korea,Janssen et al.,25,0.958,0.960740956385138,RamKOR,4
Rampakakis et al. 2017 Korea,Korea,Janssen et al.,26,0.958,0.9612513372805016,RamKOR,4
Rampakakis et al. 2017 Korea,Korea,Janssen et al.,27,0.958,0.9615233070524306,RamKOR,4
Rampakakis et al. 2017 Korea,Korea,Janssen et al.,28,0.958,0.9615553212429891,RamKOR,4
Rampakakis et al. 2017 Korea,Korea,Janssen et al.,29,0.958,0.9613383366080624,RamKOR,4
Rampakakis et al. 2017 Korea,Korea,Janssen et al.,30,0.958,0.9608682407837426,RamKOR,4
Rampakakis et al. 2017 Korea,Korea,Janssen et al.,31,0.958,0.9601508856324066,RamKOR,4
Rampakakis et al. 2017 Korea,Korea,Janssen et al.,32,0.958,0.9591921230164324,RamKOR,4
Rampakakis et al. 2017 Korea,Korea,Janssen et al.,33,0.958,0.9579978047981969,RamKOR,4
Rampakakis et al. 2017 Korea,Korea,Janssen et al.,34,0.958,0.9565737828400774,RamKOR,4
Rampakakis et al. 2017 Korea,Korea,Janssen et al.,35,0.949,0.9549259090044512,RamKOR,4
Rampakakis et al. 2017 Korea,Korea,Janssen et al.,36,0.949,0.9530600351536958,RamKOR,4
Rampakakis et al. 2017 Korea,Korea,Janssen et al.,37,0.949,0.950982013150188,RamKOR,4
Rampakakis et al. 2017 Korea,Korea,Janssen et al.,38,0.949,0.9486976948563056,RamKOR,4
Rampakakis et al. 2017 Korea,Korea,Janssen et al.,39,0.949,0.946128817438954,RamKOR,4
Rampakakis et al. 2017 Korea,Korea,Janssen et al.,40,0.949,0.94321295158893,RamKOR,4
Rampakakis et al. 2017 Korea,Korea,Janssen et al.,41,0.949,0.9399796994544488,RamKOR,4
Rampakakis et al. 2017 Korea,Korea,Janssen et al.,42,0.949,0.9364586631837232,RamKOR,4
Rampakakis et al. 2017 Korea,Korea,Janssen et al.,43,0.949,0.9326794449249686,RamKOR,4
Rampakakis et al. 2017 Korea,Korea,Janssen et al.,44,0.949,0.9286716468263988,RamKOR,4
Rampakakis et al. 2017 Korea,Korea,Janssen et al.,45,0.915,0.9244648710362282,RamKOR,4
Rampakakis et al. 2017 Korea,Korea,Janssen et al.,46,0.915,0.9200887197026708,RamKOR,4
Rampakakis et al. 2017 Korea,Korea,Janssen et al.,47,0.915,0.9155727949739416,RamKOR,4
Rampakakis et al. 2017 Korea,Korea,Janssen et al.,48,0.915,0.910946698998254,RamKOR,4
Rampakakis et al. 2017 Korea,Korea,Janssen et al.,49,0.915,0.9062400339238228,RamKOR,4
Rampakakis et al. 2017 Korea,Korea,Janssen et al.,50,0.915,0.9010112429808405,RamKOR,4
Rampakakis et al. 2017 Korea,Korea,Janssen et al.,51,0.915,0.89493795731629,RamKOR,4
Rampakakis et al. 2017 Korea,Korea,Janssen et al.,52,0.915,0.888228560953572,RamKOR,4
Rampakakis et al. 2017 Korea,Korea,Janssen et al.,53,0.915,0.8810914379160885,RamKOR,4
Rampakakis et al. 2017 Korea,Korea,Janssen et al.,54,0.915,0.873734972227239,RamKOR,4
Rampakakis et al. 2017 Korea,Korea,Janssen et al.,55,0.828,0.8663675479104251,RamKOR,4
Rampakakis et al. 2017 Korea,Korea,Janssen et al.,56,0.828,0.8591975489890475,RamKOR,4
Rampakakis et al. 2017 Korea,Korea,Janssen et al.,57,0.828,0.8524333594865072,RamKOR,4
Rampakakis et al. 2017 Korea,Korea,Janssen et al.,58,0.828,0.8462833634262047,RamKOR,4
Rampakakis et al. 2017 Korea,Korea,Janssen et al.,59,0.828,0.8409559448315411,RamKOR,4
Rampakakis et al. 2017 Korea,Korea,Janssen et al.,60,0.828,0.8360179804541376,RamKOR,4
Rampakakis et al. 2017 Korea,Korea,Janssen et al.,61,0.828,0.8309467738680514,RamKOR,4
Rampakakis et al. 2017 Korea,Korea,Janssen et al.,62,0.828,0.8258163493303384,RamKOR,4
Rampakakis et al. 2017 Korea,Korea,Janssen et al.,63,0.828,0.8207007310980537,RamKOR,4
Rampakakis et al. 2017 Korea,Korea,Janssen et al.,64,0.828,0.8156739434282526,RamKOR,4
Rampakakis et al. 2017 Korea,Korea,Janssen et al.,65,0.787,0.8108100105779911,RamKOR,4
Rampakakis et al. 2017 Korea,Korea,Janssen et al.,66,0.787,0.8061829568043238,RamKOR,4
Rampakakis et al. 2017 Korea,Korea,Janssen et al.,67,0.787,0.80186680636430685,RamKOR,4
Rampakakis et al. 2017 Korea,Korea,Janssen et al.,68,0.787,0.7979355835149953,RamKOR,4
Rampakakis et al. 2017 Korea,Korea,Janssen et al.,69,0.787,0.7944633125134444,RamKOR,4
Rampakakis et al. 2017 Korea,Korea,Janssen et al.,70,0.787,0.79152401761671,RamKOR,4
Rampakakis et al. 2017 Korea,Korea,Janssen et al.,71,0.787,0.7890963946704977,RamKOR,4
Rampakakis et al. 2017 Korea,Korea,Janssen et al.,72,0.787,0.7870742045262299,RamKOR,4
Rampakakis et al. 2017 Korea,Korea,Janssen et al.,73,0.787,0.7854040689495355,RamKOR,4
Rampakakis et al. 2017 Korea,Korea,Janssen et al.,74,0.787,0.7840326097060446,RamKOR,4
Rampakakis et al. 2017 Korea,Korea,Janssen et al.,75,0.787,0.7829064485613864,RamKOR,4
Rampakakis et al. 2017 Korea,Korea,Janssen et al.,76,0.787,0.7819722072811907,RamKOR,4
Rampakakis et al. 2017 Korea,Korea,Janssen et al.,77,0.787,0.7811765076310865,RamKOR,4
Rampakakis et al. 2017 Korea,Korea,Janssen et al.,78,0.787,0.7804659713767038,RamKOR,4
Rampakakis et al. 2017 Korea,Korea,Janssen et al.,79,0.787,0.7797872202836718,RamKOR,4
Rampakakis et al. 2017 Korea,Korea,Janssen et al.,80,0.787,0.7790868761176201,RamKOR,4
Rampakakis et al. 2017 Korea,Korea,Janssen et al.,81,0.787,0.778471747934693,RamKOR,4
Rampakakis et al. 2017 Korea,Korea,Janssen et al.,82,0.787,0.7780763320590763,RamKOR,4
Rampakakis et al. 2017 Korea,Korea,Janssen et al.,83,0.787,0.7778887811584623,RamKOR,4
Rampakakis et al. 2017 Korea,Korea,Janssen et al.,84,0.787,0.7778972479005435,RamKOR,4
Rampakakis et al. 2017 Korea,Korea,Janssen et al.,85,0.787,0.7780898849530117,RamKOR,4
Rampakakis et al. 2017 Korea,Korea,Janssen et al.,86,0.787,0.7784548449835597,RamKOR,4
Rampakakis et al. 2017 Korea,Korea,Janssen et al.,87,0.787,0.778980280659879,RamKOR,4
Rampakakis et al. 2017 Korea,Korea,Janssen et al.,88,0.787,0.7796543446496627,RamKOR,4
Rampakakis et al. 2017 Korea,Korea,Janssen et al.,89,0.787,0.7804651896206022,RamKOR,4
Rampakakis et al. 2017 Korea,Korea,Janssen et al.,90,0.787,0.7814009682403904,RamKOR,4
Rampakakis et al. 2017 Korea,Korea,Janssen et al.,91,0.787,0.7824618021849081,RamKOR,4
Rampakakis et al. 2017 Korea,Korea,Janssen et al.,92,0.787,0.7836585721949425,RamKOR,4
Rampakakis et al. 2017 Korea,Korea,Janssen et al.,93,0.787,0.7849955695355432,RamKOR,4
Rampakakis et al. 2017 Korea,Korea,Janssen et al.,94,0.787,0.7864770854717607,RamKOR,4
Rampakakis et al. 2017 Korea,Korea,Janssen et al.,95,0.787,0.7881074112686453,RamKOR,4
Rampakakis et al. 2017 Korea,Korea,Janssen et al.,96,0.787,0.7898908381912472,RamKOR,4
Rampakakis et al. 2017 Korea,Korea,Janssen et al.,97,0.787,0.7918316575046167,RamKOR,4
Rampakakis et al. 2017 Korea,Korea,Janssen et al.,98,0.787,0.793934160473804,RamKOR,4
Rampakakis et al. 2017 Korea,Korea,Janssen et al.,99,0.787,0.7962026383638596,RamKOR,4
Rampakakis et al. 2017 Korea,Korea,Janssen et al.,100,0.787,0.7986413824398336,RamKOR,4
Rampakakis et al. 2017 Mexico,Brazil,Santos et al.,18,0.873,0.8854718207624798,RamMEX,5
Rampakakis et al. 2017 Mexico,Brazil,Santos et al.,19,0.873,0.8825730442321693,RamMEX,5
Rampakakis et al. 2017 Mexico,Brazil,Santos et al.,20,0.876,0.8796745135054226,RamMEX,5
Rampakakis et al. 2017 Mexico,Brazil,Santos et al.,21,0.876,0.8767720774569682,RamMEX,5
Rampakakis et al. 2017 Mexico,Brazil,Santos et al.,22,0.876,0.8738615849615343,RamMEX,5
Rampakakis et al. 2017 Mexico,Brazil,Santos et al.,23,0.876,0.8709388848938499,RamMEX,5
Rampakakis et al. 2017 Mexico,Brazil,Santos et al.,24,0.876,0.8679998261286429,RamMEX,5
Rampakakis et al. 2017 Mexico,Brazil,Santos et al.,25,0.859,0.8650402575406421,RamMEX,5
Rampakakis et al. 2017 Mexico,Brazil,Santos et al.,26,0.859,0.862056028004576,RamMEX,5
Rampakakis et al. 2017 Mexico,Brazil,Santos et al.,27,0.859,0.8590429863951731,RamMEX,5
Rampakakis et al. 2017 Mexico,Brazil,Santos et al.,28,0.859,0.8559969815871616,RamMEX,5
Rampakakis et al. 2017 Mexico,Brazil,Santos et al.,29,0.859,0.8529056368293785,RamMEX,5
Rampakakis et al. 2017 Mexico,Brazil,Santos et al.,30,0.85,0.8497673068744681,RamMEX,5
Rampakakis et al. 2017 Mexico,Brazil,Santos et al.,31,0.85,0.8465939378528695,RamMEX,5
Rampakakis et al. 2017 Mexico,Brazil,Santos et al.,32,0.85,0.8433974758950235,RamMEX,5
Rampakakis et al. 2017 Mexico,Brazil,Santos et al.,33,0.85,0.8401898671313691,RamMEX,5
Rampakakis et al. 2017 Mexico,Brazil,Santos et al.,34,0.85,0.8369830576923467,RamMEX,5
Rampakakis et al. 2017 Mexico,Brazil,Santos et al.,35,0.834,0.8337889937083955,RamMEX,5
Rampakakis et al. 2017 Mexico,Brazil,Santos et al.,36,0.834,0.8306196213099561,RamMEX,5
Rampakakis et al. 2017 Mexico,Brazil,Santos et al.,37,0.834,0.8274868866274678,RamMEX,5
Rampakakis et al. 2017 Mexico,Brazil,Santos et al.,38,0.834,0.8244027357913706,RamMEX,5
Rampakakis et al. 2017 Mexico,Brazil,Santos et al.,39,0.834,0.8212422104025666,RamMEX,5
Rampakakis et al. 2017 Mexico,Brazil,Santos et al.,40,0.817,0.8179029258665242,RamMEX,5
Rampakakis et al. 2017 Mexico,Brazil,Santos et al.,41,0.817,0.8144306890205334,RamMEX,5
Rampakakis et al. 2017 Mexico,Brazil,Santos et al.,42,0.817,0.8108713067018822,RamMEX,5
Rampakakis et al. 2017 Mexico,Brazil,Santos et al.,43,0.817,0.8072705857478606,RamMEX,5
Rampakakis et al. 2017 Mexico,Brazil,Santos et al.,44,0.817,0.8036743329957576,RamMEX,5
Rampakakis et al. 2017 Mexico,Brazil,Santos et al.,45,0.801,0.8001283552828622,RamMEX,5
Rampakakis et al. 2017 Mexico,Brazil,Santos et al.,46,0.801,0.7966784594464636,RamMEX,5
Rampakakis et al. 2017 Mexico,Brazil,Santos et al.,47,0.801,0.7933704523238514,RamMEX,5
Rampakakis et al. 2017 Mexico,Brazil,Santos et al.,48,0.801,0.7902501407523144,RamMEX,5
Rampakakis et al. 2017 Mexico,Brazil,Santos et al.,49,0.801,0.7873633315691417,RamMEX,5
Rampakakis et al. 2017 Mexico,Brazil,Santos et al.,50,0.765,0.7845868919959823,RamMEX,5
Rampakakis et al. 2017 Mexico,Brazil,Santos et al.,51,0.765,0.7817910572323714,RamMEX,5
Rampakakis et al. 2017 Mexico,Brazil,Santos et al.,52,0.765,0.7790116860824275,RamMEX,5
Rampakakis et al. 2017 Mexico,Brazil,Santos et al.,53,0.765,0.7762846373502704,RamMEX,5
Rampakakis et al. 2017 Mexico,Brazil,Santos et al.,54,0.765,0.7736457698400186,RamMEX,5
Rampakakis et al. 2017 Mexico,Brazil,Santos et al.,55,0.762,0.7711309423557913,RamMEX,5
Rampakakis et al. 2017 Mexico,Brazil,Santos et al.,56,0.762,0.7687760137017075,RamMEX,5
Rampakakis et al. 2017 Mexico,Brazil,Santos et al.,57,0.762,0.7666168426818861,RamMEX,5
Rampakakis et al. 2017 Mexico,Brazil,Santos et al.,58,0.762,0.7646892881004462,RamMEX,5
Rampakakis et al. 2017 Mexico,Brazil,Santos et al.,59,0.762,0.7630292087615069,RamMEX,5
Rampakakis et al. 2017 Mexico,Brazil,Santos et al.,60,0.761,0.7617088614626624,RamMEX,5
Rampakakis et al. 2017 Mexico,Brazil,Santos et al.,61,0.761,0.7607410063149412,RamMEX,5
Rampakakis et al. 2017 Mexico,Brazil,Santos et al.,62,0.761,0.7600722570926135,RamMEX,5
Rampakakis et al. 2017 Mexico,Brazil,Santos et al.,63,0.761,0.7596492275699496,RamMEX,5
Rampakakis et al. 2017 Mexico,Brazil,Santos et al.,64,0.761,0.7594185315212196,RamMEX,5
Rampakakis et al. 2017 Mexico,Brazil,Santos et al.,65,0.761,0.7593267827206938,RamMEX,5
Rampakakis et al. 2017 Mexico,Brazil,Santos et al.,66,0.761,0.7593205949426424,RamMEX,5
Rampakakis et al. 2017 Mexico,Brazil,Santos et al.,67,0.761,0.7593465819613355,RamMEX,5
Rampakakis et al. 2017 Mexico,Brazil,Santos et al.,68,0.761,0.7593513575510437,RamMEX,5
Rampakakis et al. 2017 Mexico,Brazil,Santos et al.,69,0.761,0.7592815354860366,RamMEX,5
Rampakakis et al. 2017 Mexico,Brazil,Santos et al.,70,0.761,0.759083729540585,RamMEX,5
Rampakakis et al. 2017 Mexico,Brazil,Santos et al.,71,0.761,0.7588635993109165,RamMEX,5
Rampakakis et al. 2017 Mexico,Brazil,Santos et al.,72,0.761,0.758749151695992,RamMEX,5
Rampakakis et al. 2017 Mexico,Brazil,Santos et al.,73,0.761,0.7587205214241807,RamMEX,5
Rampakakis et al. 2017 Mexico,Brazil,Santos et al.,74,0.761,0.7587578432238525,RamMEX,5
Rampakakis et al. 2017 Mexico,Brazil,Santos et al.,75,0.761,0.7588412518233768,RamMEX,5
Rampakakis et al. 2017 Mexico,Brazil,Santos et al.,76,0.761,0.7589508819511233,RamMEX,5
Rampakakis et al. 2017 Mexico,Brazil,Santos et al.,77,0.761,0.759066868335461,RamMEX,5
Rampakakis et al. 2017 Mexico,Brazil,Santos et al.,78,0.761,0.7591693457047601,RamMEX,5
Rampakakis et al. 2017 Mexico,Brazil,Santos et al.,79,0.761,0.7592384487873896,RamMEX,5
Rampakakis et al. 2017 Mexico,Brazil,Santos et al.,80,0.761,0.7592543123117194,RamMEX,5
Rampakakis et al. 2017 Mexico,Brazil,Santos et al.,81,0.761,0.759256370300281,RamMEX,5
Rampakakis et al. 2017 Mexico,Brazil,Santos et al.,82,0.761,0.7592944201149121,RamMEX,5
Rampakakis et al. 2017 Mexico,Brazil,Santos et al.,83,0.761,0.7593641414929402,RamMEX,5
Rampakakis et al. 2017 Mexico,Brazil,Santos et al.,84,0.761,0.7594612141716944,RamMEX,5
Rampakakis et al. 2017 Mexico,Brazil,Santos et al.,85,0.761,0.759581317888502,RamMEX,5
Rampakakis et al. 2017 Mexico,Brazil,Santos et al.,86,0.761,0.7597201323806919,RamMEX,5
Rampakakis et al. 2017 Mexico,Brazil,Santos et al.,87,0.761,0.7598733373855917,RamMEX,5
Rampakakis et al. 2017 Mexico,Brazil,Santos et al.,88,0.761,0.7600366126405299,RamMEX,5
Rampakakis et al. 2017 Mexico,Brazil,Santos et al.,89,0.761,0.7602056378828345,RamMEX,5
Rampakakis et al. 2017 Mexico,Brazil,Santos et al.,90,0.761,0.7603760928498338,RamMEX,5
Rampakakis et al. 2017 Mexico,Brazil,Santos et al.,91,0.761,0.7605493834966736,RamMEX,5
Rampakakis et al. 2017 Mexico,Brazil,Santos et al.,92,0.761,0.760730713802799,RamMEX,5
Rampakakis et al. 2017 Mexico,Brazil,Santos et al.,93,0.761,0.7609214605419868,RamMEX,5
Rampakakis et al. 2017 Mexico,Brazil,Santos et al.,94,0.761,0.7611230004880143,RamMEX,5
Rampakakis et al. 2017 Mexico,Brazil,Santos et al.,95,0.761,0.7613367104146581,RamMEX,5
Rampakakis et al. 2017 Mexico,Brazil,Santos et al.,96,0.761,0.7615639670956952,RamMEX,5
Rampakakis et al. 2017 Mexico,Brazil,Santos et al.,97,0.761,0.7618061473049021,RamMEX,5
Rampakakis et al. 2017 Mexico,Brazil,Santos et al.,98,0.761,0.7620646278160561,RamMEX,5
Rampakakis et al. 2017 Mexico,Brazil,Santos et al.,99,0.761,0.7623407854029343,RamMEX,5
Rampakakis et al. 2017 Mexico,Brazil,Santos et al.,100,0.761,0.7626359968393129,RamMEX,5
Rampakakis et al. 2017 Taiwan,Korea,Janssen et al.,18,0.957,0.9506225131279624,RamTWN,6
Rampakakis et al. 2017 Taiwan,Korea,Janssen et al.,19,0.957,0.9527585270651882,RamTWN,6
Rampakakis et al. 2017 Taiwan,Korea,Janssen et al.,20,0.957,0.9546669410845244,RamTWN,6
Rampakakis et al. 2017 Taiwan,Korea,Janssen et al.,21,0.957,0.9563462107280364,RamTWN,6
Rampakakis et al. 2017 Taiwan,Korea,Janssen et al.,22,0.957,0.9577947915377888,RamTWN,6
Rampakakis et al. 2017 Taiwan,Korea,Janssen et al.,23,0.957,0.9590111390558468,RamTWN,6
Rampakakis et al. 2017 Taiwan,Korea,Janssen et al.,24,0.957,0.9599937088242748,RamTWN,6
Rampakakis et al. 2017 Taiwan,Korea,Janssen et al.,25,0.958,0.960740956385138,RamTWN,6
Rampakakis et al. 2017 Taiwan,Korea,Janssen et al.,26,0.958,0.9612513372805016,RamTWN,6
Rampakakis et al. 2017 Taiwan,Korea,Janssen et al.,27,0.958,0.9615233070524306,RamTWN,6
Rampakakis et al. 2017 Taiwan,Korea,Janssen et al.,28,0.958,0.9615553212429891,RamTWN,6
Rampakakis et al. 2017 Taiwan,Korea,Janssen et al.,29,0.958,0.9613383366080624,RamTWN,6
Rampakakis et al. 2017 Taiwan,Korea,Janssen et al.,30,0.958,0.9608682407837426,RamTWN,6
Rampakakis et al. 2017 Taiwan,Korea,Janssen et al.,31,0.958,0.9601508856324066,RamTWN,6
Rampakakis et al. 2017 Taiwan,Korea,Janssen et al.,32,0.958,0.9591921230164324,RamTWN,6
Rampakakis et al. 2017 Taiwan,Korea,Janssen et al.,33,0.958,0.9579978047981969,RamTWN,6
Rampakakis et al. 2017 Taiwan,Korea,Janssen et al.,34,0.958,0.9565737828400774,RamTWN,6
Rampakakis et al. 2017 Taiwan,Korea,Janssen et al.,35,0.949,0.9549259090044512,RamTWN,6
Rampakakis et al. 2017 Taiwan,Korea,Janssen et al.,36,0.949,0.9530600351536958,RamTWN,6
Rampakakis et al. 2017 Taiwan,Korea,Janssen et al.,37,0.949,0.950982013150188,RamTWN,6
Rampakakis et al. 2017 Taiwan,Korea,Janssen et al.,38,0.949,0.9486976948563056,RamTWN,6
Rampakakis et al. 2017 Taiwan,Korea,Janssen et al.,39,0.949,0.946128817438954,RamTWN,6
Rampakakis et al. 2017 Taiwan,Korea,Janssen et al.,40,0.949,0.94321295158893,RamTWN,6
Rampakakis et al. 2017 Taiwan,Korea,Janssen et al.,41,0.949,0.9399796994544488,RamTWN,6
Rampakakis et al. 2017 Taiwan,Korea,Janssen et al.,42,0.949,0.9364586631837232,RamTWN,6
Rampakakis et al. 2017 Taiwan,Korea,Janssen et al.,43,0.949,0.9326794449249686,RamTWN,6
Rampakakis et al. 2017 Taiwan,Korea,Janssen et al.,44,0.949,0.9286716468263988,RamTWN,6
Rampakakis et al. 2017 Taiwan,Korea,Janssen et al.,45,0.915,0.9244648710362282,RamTWN,6
Rampakakis et al. 2017 Taiwan,Korea,Janssen et al.,46,0.915,0.9200887197026708,RamTWN,6
Rampakakis et al. 2017 Taiwan,Korea,Janssen et al.,47,0.915,0.9155727949739416,RamTWN,6
Rampakakis et al. 2017 Taiwan,Korea,Janssen et al.,48,0.915,0.910946698998254,RamTWN,6
Rampakakis et al. 2017 Taiwan,Korea,Janssen et al.,49,0.915,0.9062400339238228,RamTWN,6
Rampakakis et al. 2017 Taiwan,Korea,Janssen et al.,50,0.915,0.9010112429808405,RamTWN,6
Rampakakis et al. 2017 Taiwan,Korea,Janssen et al.,51,0.915,0.89493795731629,RamTWN,6
Rampakakis et al. 2017 Taiwan,Korea,Janssen et al.,52,0.915,0.888228560953572,RamTWN,6
Rampakakis et al. 2017 Taiwan,Korea,Janssen et al.,53,0.915,0.8810914379160885,RamTWN,6
Rampakakis et al. 2017 Taiwan,Korea,Janssen et al.,54,0.915,0.873734972227239,RamTWN,6
Rampakakis et al. 2017 Taiwan,Korea,Janssen et al.,55,0.828,0.8663675479104251,RamTWN,6
Rampakakis et al. 2017 Taiwan,Korea,Janssen et al.,56,0.828,0.8591975489890475,RamTWN,6
Rampakakis et al. 2017 Taiwan,Korea,Janssen et al.,57,0.828,0.8524333594865072,RamTWN,6
Rampakakis et al. 2017 Taiwan,Korea,Janssen et al.,58,0.828,0.8462833634262047,RamTWN,6
Rampakakis et al. 2017 Taiwan,Korea,Janssen et al.,59,0.828,0.8409559448315411,RamTWN,6
Rampakakis et al. 2017 Taiwan,Korea,Janssen et al.,60,0.828,0.8360179804541376,RamTWN,6
Rampakakis et al. 2017 Taiwan,Korea,Janssen et al.,61,0.828,0.8309467738680514,RamTWN,6
Rampakakis et al. 2017 Taiwan,Korea,Janssen et al.,62,0.828,0.8258163493303384,RamTWN,6
Rampakakis et al. 2017 Taiwan,Korea,Janssen et al.,63,0.828,0.8207007310980537,RamTWN,6
Rampakakis et al. 2017 Taiwan,Korea,Janssen et al.,64,0.828,0.8156739434282526,RamTWN,6
Rampakakis et al. 2017 Taiwan,Korea,Janssen et al.,65,0.787,0.8108100105779911,RamTWN,6
Rampakakis et al. 2017 Taiwan,Korea,Janssen et al.,66,0.787,0.8061829568043238,RamTWN,6
Rampakakis et al. 2017 Taiwan,Korea,Janssen et al.,67,0.787,0.80186680636430685,RamTWN,6
Rampakakis et al. 2017 Taiwan,Korea,Janssen et al.,68,0.787,0.7979355835149953,RamTWN,6
Rampakakis et al. 2017 Taiwan,Korea,Janssen et al.,69,0.787,0.7944633125134444,RamTWN,6
Rampakakis et al. 2017 Taiwan,Korea,Janssen et al.,70,0.787,0.79152401761671,RamTWN,6
Rampakakis et al. 2017 Taiwan,Korea,Janssen et al.,71,0.787,0.7890963946704977,RamTWN,6
Rampakakis et al. 2017 Taiwan,Korea,Janssen et al.,72,0.787,0.7870742045262299,RamTWN,6
Rampakakis et al. 2017 Taiwan,Korea,Janssen et al.,73,0.787,0.7854040689495355,RamTWN,6
Rampakakis et al. 2017 Taiwan,Korea,Janssen et al.,74,0.787,0.7840326097060446,RamTWN,6
Rampakakis et al. 2017 Taiwan,Korea,Janssen et al.,75,0.787,0.7829064485613864,RamTWN,6
Rampakakis et al. 2017 Taiwan,Korea,Janssen et al.,76,0.787,0.7819722072811907,RamTWN,6
Rampakakis et al. 2017 Taiwan,Korea,Janssen et al.,77,0.787,0.7811765076310865,RamTWN,6
Rampakakis et al. 2017 Taiwan,Korea,Janssen et al.,78,0.787,0.7804659713767038,RamTWN,6
Rampakakis et al. 2017 Taiwan,Korea,Janssen et al.,79,0.787,0.7797872202836718,RamTWN,6
Rampakakis et al. 2017 Taiwan,Korea,Janssen et al.,80,0.787,0.7790868761176201,RamTWN,6
Rampakakis et al. 2017 Taiwan,Korea,Janssen et al.,81,0.787,0.778471747934693,RamTWN,6
Rampakakis et al. 2017 Taiwan,Korea,Janssen et al.,82,0.787,0.7780763320590763,RamTWN,6
Rampakakis et al. 2017 Taiwan,Korea,Janssen et al.,83,0.787,0.7778887811584623,RamTWN,6
Rampakakis et al. 2017 Taiwan,Korea,Janssen et al.,84,0.787,0.7778972479005435,RamTWN,6
Rampakakis et al. 2017 Taiwan,Korea,Janssen et al.,85,0.787,0.7780898849530117,RamTWN,6
Rampakakis et al. 2017 Taiwan,Korea,Janssen et al.,86,0.787,0.7784548449835597,RamTWN,6
Rampakakis et al. 2017 Taiwan,Korea,Janssen et al.,87,0.787,0.778980280659879,RamTWN,6
Rampakakis et al. 2017 Taiwan,Korea,Janssen et al.,88,0.787,0.7796543446496627,RamTWN,6
Rampakakis et al. 2017 Taiwan,Korea,Janssen et al.,89,0.787,0.7804651896206022,RamTWN,6
Rampakakis et al. 2017 Taiwan,Korea,Janssen et al.,90,0.787,0.7814009682403904,RamTWN,6
Rampakakis et al. 2017 Taiwan,Korea,Janssen et al.,91,0.787,0.7824618021849081,RamTWN,6
Rampakakis et al. 2017 Taiwan,Korea,Janssen et al.,92,0.787,0.7836585721949425,RamTWN,6
Rampakakis et al. 2017 Taiwan,Korea,Janssen et al.,93,0.787,0.7849955695355432,RamTWN,6
Rampakakis et al. 2017 Taiwan,Korea,Janssen et al.,94,0.787,0.7864770854717607,RamTWN,6
Rampakakis et al. 2017 Taiwan,Korea,Janssen et al.,95,0.787,0.7881074112686453,RamTWN,6
Rampakakis et al. 2017 Taiwan,Korea,Janssen et al.,96,0.787,0.7898908381912472,RamTWN,6
Rampakakis et al. 2017 Taiwan,Korea,Janssen et al.,97,0.787,0.7918316575046167,RamTWN,6
Rampakakis et al. 2017 Taiwan,Korea,Janssen et al.,98,0.787,0.793934160473804,RamTWN,6
Rampakakis et al. 2017 Taiwan,Korea,Janssen et al.,99,0.787,0.7962026383638596,RamTWN,6
Rampakakis et al. 2017 Taiwan,Korea,Janssen et al.,100,0.787,0.7986413824398336,RamTWN,6
Rampakakis et al. 2017 Thailand,Thailand,Janssen et al.,18,0.814,0.81800900243913,RamTHA,7
Rampakakis et al. 2017 Thailand,Thailand,Janssen et al.,19,0.814,0.8156340033170326,RamTHA,7
Rampakakis et al. 2017 Thailand,Thailand,Janssen et al.,20,0.814,0.8132309743144638,RamTHA,7
Rampakakis et al. 2017 Thailand,Thailand,Janssen et al.,21,0.814,0.8107974778222624,RamTHA,7
Rampakakis et al. 2017 Thailand,Thailand,Janssen et al.,22,0.814,0.808331076231267,RamTHA,7
Rampakakis et al. 2017 Thailand,Thailand,Janssen et al.,23,0.814,0.8058293319323164,RamTHA,7
Rampakakis et al. 2017 Thailand,Thailand,Janssen et al.,24,0.814,0.8032898073162495,RamTHA,7
Rampakakis et al. 2017 Thailand,Thailand,Janssen et al.,25,0.785,0.8007100647739054,RamTHA,7
Rampakakis et al. 2017 Thailand,Thailand,Janssen et al.,26,0.785,0.7980876666961226,RamTHA,7
Rampakakis et al. 2017 Thailand,Thailand,Janssen et al.,27,0.785,0.7954201754737402,RamTHA,7
Rampakakis et al. 2017 Thailand,Thailand,Janssen et al.,28,0.785,0.7927051534975967,RamTHA,7
Rampakakis et al. 2017 Thailand,Thailand,Janssen et al.,29,0.785,0.7899349389297883,RamTHA,7
Rampakakis et al. 2017 Thailand,Thailand,Janssen et al.,30,0.785,0.7871082626438962,RamTHA,7
Rampakakis et al. 2017 Thailand,Thailand,Janssen et al.,31,0.785,0.7842322760979876,RamTHA,7
Rampakakis et al. 2017 Thailand,Thailand,Janssen et al.,32,0.785,0.7813141307501303,RamTHA,7
Rampakakis et al. 2017 Thailand,Thailand,Janssen et al.,33,0.785,0.7783609780583912,RamTHA,7
Rampakakis et al. 2017 Thailand,Thailand,Janssen et al.,34,0.785,0.7753799694808379,RamTHA,7
Rampakakis et al. 2017 Thailand,Thailand,Janssen et al.,35,0.771,0.7723782564755374,RamTHA,7
Rampakakis et al. 2017 Thailand,Thailand,Janssen et al.,36,0.771,0.7693629905005576,RamTHA,7
Rampakakis et al. 2017 Thailand,Thailand,Janssen et al.,37,0.771,0.7663413230139651,RamTHA,7
Rampakakis et al. 2017 Thailand,Thailand,Janssen et al.,38,0.771,0.7633204054738278,RamTHA,7
Rampakakis et al. 2017 Thailand,Thailand,Janssen et al.,39,0.771,0.760242868938569,RamTHA,7
Rampakakis et al. 2017 Thailand,Thailand,Janssen et al.,40,0.771,0.7570597423830662,RamTHA,7
Rampakakis et al. 2017 Thailand,Thailand,Janssen et al.,41,0.771,0.7537907741400685,RamTHA,7
Rampakakis et al. 2017 Thailand,Thailand,Janssen et al.,42,0.771,0.7504557125423242,RamTHA,7
Rampakakis et al. 2017 Thailand,Thailand,Janssen et al.,43,0.771,0.7470743059225824,RamTHA,7
Rampakakis et al. 2017 Thailand,Thailand,Janssen et al.,44,0.771,0.7436663026135918,RamTHA,7
Rampakakis et al. 2017 Thailand,Thailand,Janssen et al.,45,0.717,0.740251450948101,RamTHA,7
Rampakakis et al. 2017 Thailand,Thailand,Janssen et al.,46,0.717,0.7368494992588587,RamTHA,7
Rampakakis et al. 2017 Thailand,Thailand,Janssen et al.,47,0.717,0.7334801958786138,RamTHA,7
Rampakakis et al. 2017 Thailand,Thailand,Janssen et al.,48,0.717,0.730163289140115,RamTHA,7
Rampakakis et al. 2017 Thailand,Thailand,Janssen et al.,49,0.717,0.726918527376111,RamTHA,7
Rampakakis et al. 2017 Thailand,Thailand,Janssen et al.,50,0.717,0.7236159951972994,RamTHA,7
Rampakakis et al. 2017 Thailand,Thailand,Janssen et al.,51,0.717,0.7201487935902384,RamTHA,7
Rampakakis et al. 2017 Thailand,Thailand,Janssen et al.,52,0.717,0.7165711954514673,RamTHA,7
Rampakakis et al. 2017 Thailand,Thailand,Janssen et al.,53,0.717,0.7129374736775262,RamTHA,7
Rampakakis et al. 2017 Thailand,Thailand,Janssen et al.,54,0.717,0.7093019011649542,RamTHA,7
Rampakakis et al. 2017 Thailand,Thailand,Janssen et al.,55,0.694,0.7057187508102909,RamTHA,7
Rampakakis et al. 2017 Thailand,Thailand,Janssen et al.,56,0.694,0.7022422955100758,RamTHA,7
Rampakakis et al. 2017 Thailand,Thailand,Janssen et al.,57,0.694,0.6989268081608487,RamTHA,7
Rampakakis et al. 2017 Thailand,Thailand,Janssen et al.,58,0.694,0.695826561659149,RamTHA,7
Rampakakis et al. 2017 Thailand,Thailand,Janssen et al.,59,0.694,0.6929958289015162,RamTHA,7
Rampakakis et al. 2017 Thailand,Thailand,Janssen et al.,60,0.694,0.6903841424613503,RamTHA,7
Rampakakis et al. 2017 Thailand,Thailand,Janssen et al.,61,0.694,0.6879004320520509,RamTHA,7
Rampakakis et al. 2017 Thailand,Thailand,Janssen et al.,62,0.694,0.6855380662801571,RamTHA,7
Rampakakis et al. 2017 Thailand,Thailand,Janssen et al.,63,0.694,0.683290413752208,RamTHA,7
Rampakakis et al. 2017 Thailand,Thailand,Janssen et al.,64,0.694,0.6811508430747427,RamTHA,7
Rampakakis et al. 2017 Thailand,Thailand,Janssen et al.,65,0.67,0.6791127228543004,RamTHA,7
Rampakakis et al. 2017 Thailand,Thailand,Janssen et al.,66,0.67,0.6771694216974198,RamTHA,7
Rampakakis et al. 2017 Thailand,Thailand,Janssen et al.,67,0.67,0.6753143082106402,RamTHA,7
Rampakakis et al. 2017 Thailand,Thailand,Janssen et al.,68,0.67,0.6735407510005008,RamTHA,7
Rampakakis et al. 2017 Thailand,Thailand,Janssen et al.,69,0.67,0.6718421186735406,RamTHA,7
Rampakakis et al. 2017 Thailand,Thailand,Janssen et al.,70,0.67,0.6702117798362988,RamTHA,7
Rampakakis et al. 2017 Thailand,Thailand,Janssen et al.,71,0.67,0.6686585232696364,RamTHA,7
Rampakakis et al. 2017 Thailand,Thailand,Janssen et al.,72,0.67,0.6671946112445628,RamTHA,7
Rampakakis et al. 2017 Thailand,Thailand,Janssen et al.,73,0.67,0.6658186226028389,RamTHA,7
Rampakakis et al. 2017 Thailand,Thailand,Janssen et al.,74,0.67,0.6645291361862263,RamTHA,7
Rampakakis et al. 2017 Thailand,Thailand,Janssen et al.,75,0.657,0.6633247308364856,RamTHA,7
Rampakakis et al. 2017 Thailand,Thailand,Janssen et al.,76,0.657,0.6622039853953784,RamTHA,7
Rampakakis et al. 2017 Thailand,Thailand,Janssen et al.,77,0.657,0.6611654787046651,RamTHA,7
Rampakakis et al. 2017 Thailand,Thailand,Janssen et al.,78,0.657,0.6602077896061079,RamTHA,7
Rampakakis et al. 2017 Thailand,Thailand,Janssen et al.,79,0.657,0.659329496941467,RamTHA,7
Rampakakis et al. 2017 Thailand,Thailand,Janssen et al.,80,0.657,0.6585291795525039,RamTHA,7
Rampakakis et al. 2017 Thailand,Thailand,Janssen et al.,81,0.657,0.6578078835458064,RamTHA,7
Rampakakis et al. 2017 Thailand,Thailand,Janssen et al.,82,0.657,0.6571679306168744,RamTHA,7
Rampakakis et al. 2017 Thailand,Thailand,Janssen et al.,83,0.657,0.6566098129908372,RamTHA,7
Rampakakis et al. 2017 Thailand,Thailand,Janssen et al.,84,0.657,0.6561340228928245,RamTHA,7
Rampakakis et al. 2017 Thailand,Thailand,Janssen et al.,85,0.657,0.6557410525479653,RamTHA,7
Rampakakis et al. 2017 Thailand,Thailand,Janssen et al.,86,0.657,0.6554313941813892,RamTHA,7
Rampakakis et al. 2017 Thailand,Thailand,Janssen et al.,87,0.657,0.6552055400182256,RamTHA,7
Rampakakis et al. 2017 Thailand,Thailand,Janssen et al.,88,0.657,0.6550639822836036,RamTHA,7
Rampakakis et al. 2017 Thailand,Thailand,Janssen et al.,89,0.657,0.6550072132026529,RamTHA,7
Rampakakis et al. 2017 Thailand,Thailand,Janssen et al.,90,0.657,0.6550357250005028,RamTHA,7
Rampakakis et al. 2017 Thailand,Thailand,Janssen et al.,91,0.657,0.6551489150143207,RamTHA,7
Rampakakis et al. 2017 Thailand,Thailand,Janssen et al.,92,0.657,0.6553457947845761,RamTHA,7
Rampakakis et al. 2017 Thailand,Thailand,Janssen et al.,93,0.657,0.6556262778413521,RamTHA,7
Rampakakis et al. 2017 Thailand,Thailand,Janssen et al.,94,0.657,0.6559902777147311,RamTHA,7
Rampakakis et al. 2017 Thailand,Thailand,Janssen et al.,95,0.657,0.6564377079347959,RamTHA,7
Rampakakis et al. 2017 Thailand,Thailand,Janssen et al.,96,0.657,0.6569684820316289,RamTHA,7
Rampakakis et al. 2017 Thailand,Thailand,Janssen et al.,97,0.657,0.6575825135353132,RamTHA,7
Rampakakis et al. 2017 Thailand,Thailand,Janssen et al.,98,0.657,0.6582797159759309,RamTHA,7
Rampakakis et al. 2017 Thailand,Thailand,Janssen et al.,99,0.657,0.6590600028835653,RamTHA,7
Rampakakis et al. 2017 Thailand,Thailand,Janssen et al.,100,0.657,0.6599232877882986,RamTHA,7
Scott et al. 2006,UK,McNamara et al.,0,0.8983653442571508,0.8967289643453845,ScottUK,8
Scott et al. 2006,UK,McNamara et al.,1,0.8983653442571508,0.8972412742288971,ScottUK,8
Scott et al. 2006,UK,McNamara et al.,2,0.8983653442571508,0.8976753728271636,ScottUK,8
Scott et al. 2006,UK,McNamara et al.,3,0.8983653442571508,0.8980308890489502,ScottUK,8
Scott et al. 2006,UK,McNamara et al.,4,0.8983653442571508,0.8983074518030245,ScottUK,8
Scott et al. 2006,UK,McNamara et al.,5,0.8983653442571508,0.8985046899981526,ScottUK,8
Scott et al. 2006,UK,McNamara et al.,6,0.8983653442571508,0.8986222325431015,ScottUK,8
Scott et al. 2006,UK,McNamara et al.,7,0.8983653442571508,0.8986597083466383,ScottUK,8
Scott et al. 2006,UK,McNamara et al.,8,0.8983653442571508,0.8986167463175291,ScottUK,8
Scott et al. 2006,UK,McNamara et al.,9,0.8983653442571508,0.8984929753645412,ScottUK,8
Scott et al. 2006,UK,McNamara et al.,10,0.8983653442571508,0.898288024396441,ScottUK,8
Scott et al. 2006,UK,McNamara et al.,11,0.8983653442571508,0.8980015223219958,ScottUK,8
Scott et al. 2006,UK,McNamara et al.,12,0.8983653442571508,0.8976330980499718,ScottUK,8
Scott et al. 2006,UK,McNamara et al.,13,0.8983653442571508,0.8971793700347102,ScottUK,8
Scott et al. 2006,UK,McNamara et al.,14,0.8983653442571508,0.896638173369302,ScottUK,8
Scott et al. 2006,UK,McNamara et al.,15,0.8983653442571508,0.8960109619206396,ScottUK,8
Scott et al. 2006,UK,McNamara et al.,16,0.8983653442571508,0.8952991895556156,ScottUK,8
Scott et al. 2006,UK,McNamara et al.,17,0.8983653442571508,0.8945043101411224,ScottUK,8
Scott et al. 2006,UK,McNamara et al.,18,0.8942223114695699,0.8936277775440521,ScottUK,8
Scott et al. 2006,UK,McNamara et al.,19,0.8942223114695699,0.8926710456312972,ScottUK,8
Scott et al. 2006,UK,McNamara et al.,20,0.8770606569713967,0.8916355682697503,ScottUK,8
Scott et al. 2006,UK,McNamara et al.,21,0.8770606569713967,0.8905227993263035,ScottUK,8
Scott et al. 2006,UK,McNamara et al.,22,0.8770606569713967,0.8893341926678493,ScottUK,8
Scott et al. 2006,UK,McNamara et al.,23,0.8770606569713967,0.8880712021612803,ScottUK,8
Scott et al. 2006,UK,McNamara et al.,24,0.8770606569713967,0.8867352816734886,ScottUK,8
Scott et al. 2006,UK,McNamara et al.,25,0.8824664537263252,0.8853278850713667,ScottUK,8
Scott et al. 2006,UK,McNamara et al.,26,0.8824664537263252,0.8838229439002061,ScottUK,8
Scott et al. 2006,UK,McNamara et al.,27,0.8824664537263252,0.8821990205759708,ScottUK,8
Scott et al. 2006,UK,McNamara et al.,28,0.8824664537263252,0.8804645152715621,ScottUK,8
Scott et al. 2006,UK,McNamara et al.,29,0.8824664537263252,0.8786278281598818,ScottUK,8
Scott et al. 2006,UK,McNamara et al.,30,0.8924247801531272,0.8766973594138311,ScottUK,8
Scott et al. 2006,UK,McNamara et al.,31,0.8924247801531272,0.8746815092063113,ScottUK,8
Scott et al. 2006,UK,McNamara et al.,32,0.8924247801531272,0.8725886777102241,ScottUK,8
Scott et al. 2006,UK,McNamara et al.,33,0.8924247801531272,0.8704272650984708,ScottUK,8
Scott et al. 2006,UK,McNamara et al.,34,0.8924247801531272,0.8682056715439527,ScottUK,8
Scott et al. 2006,UK,McNamara et al.,35,0.8583386764236658,0.8659322972195714,ScottUK,8
Scott et al. 2006,UK,McNamara et al.,36,0.8583386764236658,0.8636155422982285,ScottUK,8
Scott et al. 2006,UK,McNamara et al.,37,0.8583386764236658,0.861263806952825,ScottUK,8
Scott et al. 2006,UK,McNamara et al.,38,0.8583386764236658,0.8588854913562627,ScottUK,8
Scott et al. 2006,UK,McNamara et al.,39,0.8583386764236658,0.8563565972035146,ScottUK,8
Scott et al. 2006,UK,McNamara et al.,40,0.8590127580040747,0.8535788114089786,ScottUK,8
Scott et al. 2006,UK,McNamara et al.,41,0.8590127580040747,0.8505990619746917,ScottUK,8
Scott et al. 2006,UK,McNamara et al.,42,0.8590127580040747,0.8474642769026921,ScottUK,8
Scott et al. 2006,UK,McNamara et al.,43,0.8590127580040747,0.8442213841950174,ScottUK,8
Scott et al. 2006,UK,McNamara et al.,44,0.8590127580040747,0.8409173118537053,ScottUK,8
Scott et al. 2006,UK,McNamara et al.,45,0.8140806869843563,0.8375989878807935,ScottUK,8
Scott et al. 2006,UK,McNamara et al.,46,0.8140806869843563,0.8343133402783195,ScottUK,8
Scott et al. 2006,UK,McNamara et al.,47,0.8140806869843563,0.8311072970483211,ScottUK,8
Scott et al. 2006,UK,McNamara et al.,48,0.8140806869843563,0.8280277861928361,ScottUK,8
Scott et al. 2006,UK,McNamara et al.,49,0.8140806869843563,0.8251217357139019,ScottUK,8
Scott et al. 2006,UK,McNamara et al.,50,0.8168027391759443,0.8224360736135566,ScottUK,8
Scott et al. 2006,UK,McNamara et al.,51,0.8168027391759443,0.8199816797406498,ScottUK,8
Scott et al. 2006,UK,McNamara et al.,52,0.8168027391759443,0.8177135285087294,ScottUK,8
Scott et al. 2006,UK,McNamara et al.,53,0.8168027391759443,0.8155946897668795,ScottUK,8
Scott et al. 2006,UK,McNamara et al.,54,0.8168027391759443,0.8135882333641853,ScottUK,8
Scott et al. 2006,UK,McNamara et al.,55,0.799706716138512,0.811657229149731,ScottUK,8
Scott et al. 2006,UK,McNamara et al.,56,0.799706716138512,0.809764746972601,ScottUK,8
Scott et al. 2006,UK,McNamara et al.,57,0.799706716138512,0.8078738566818803,ScottUK,8
Scott et al. 2006,UK,McNamara et al.,58,0.799706716138512,0.8059476281266532,ScottUK,8
Scott et al. 2006,UK,McNamara et al.,59,0.799706716138512,0.803949131156004,ScottUK,8
Scott et al. 2006,UK,McNamara et al.,60,0.789180770496633,0.8018414356190176,ScottUK,8
Scott et al. 2006,UK,McNamara et al.,61,0.789180770496633,0.7995876113647786,ScottUK,8
Scott et al. 2006,UK,McNamara et al.,62,0.789180770496633,0.7971507282423712,ScottUK,8
Scott et al. 2006,UK,McNamara et al.,63,0.789180770496633,0.7944938561008803,ScottUK,8
Scott et al. 2006,UK,McNamara et al.,64,0.789180770496633,0.791696883769206,ScottUK,8
Scott et al. 2006,UK,McNamara et al.,65,0.7855595687035867,0.7888588939049761,ScottUK,8
Scott et al. 2006,UK,McNamara et al.,66,0.7855595687035867,0.7859717471003654,ScottUK,8
Scott et al. 2006,UK,McNamara et al.,67,0.7855595687035867,0.7830273039475497,ScottUK,8
Scott et al. 2006,UK,McNamara et al.,68,0.7855595687035867,0.7800174250387042,ScottUK,8
Scott et al. 2006,UK,McNamara et al.,69,0.7855595687035867,0.7769339709660043,ScottUK,8
Scott et al. 2006,UK,McNamara et al.,70,0.7921420009714646,0.7737688023216254,ScottUK,8
Scott et al. 2006,UK,McNamara et al.,71,0.7921420009714646,0.7705137796977426,ScottUK,8
Scott et al. 2006,UK,McNamara et al.,72,0.7921420009714646,0.7671607636865316,ScottUK,8
Scott et al. 2006,UK,McNamara et al.,73,0.7921420009714646,0.7637016148801675,ScottUK,8
Scott et al. 2006,UK,McNamara et al.,74,0.7921420009714646,0.7601281938708256,ScottUK,8
Scott et al. 2006,UK,McNamara et al.,75,0.7570600572178829,0.7564323612506815,ScottUK,8
Scott et al. 2006,UK,McNamara et al.,76,0.7570600572178829,0.7526446108754342,ScottUK,8
Scott et al. 2006,UK,McNamara et al.,77,0.7570600572178829,0.7487982179726173,ScottUK,8
Scott et al. 2006,UK,McNamara et al.,78,0.7570600572178829,0.7448892151921566,ScottUK,8
Scott et al. 2006,UK,McNamara et al.,79,0.7570600572178829,0.7409136351839792,ScottUK,8
Scott et al. 2006,UK,McNamara et al.,80,0.7351890876753938,0.7368675105980113,ScottUK,8
Scott et al. 2006,UK,McNamara et al.,81,0.7351890876753938,0.7327468740841793,ScottUK,8
Scott et al. 2006,UK,McNamara et al.,82,0.7351890876753938,0.7285477582924096,ScottUK,8
Scott et al. 2006,UK,McNamara et al.,83,0.7351890876753938,0.7242661958726287,ScottUK,8
Scott et al. 2006,UK,McNamara et al.,84,0.7351890876753938,0.7198982194747632,ScottUK,8
Scott et al. 2006,UK,McNamara et al.,85,0.6907670924827474,0.715439861748739,ScottUK,8
Scott et al. 2006,UK,McNamara et al.,86,0.6907670924827474,0.7108871553444834,ScottUK,8
Scott et al. 2006,UK,McNamara et al.,87,0.6907670924827474,0.7062361329119219,ScottUK,8
Scott et al. 2006,UK,McNamara et al.,88,0.6907670924827474,0.7014828271009816,ScottUK,8
Scott et al. 2006,UK,McNamara et al.,89,0.6907670924827474,0.696629585539332,ScottUK,8
Scott et al. 2006,UK,McNamara et al.,90,0.662229247606729,0.6916823355321415,ScottUK,8
Scott et al. 2006,UK,McNamara et al.,91,0.662229247606729,0.6866424792455865,ScottUK,8
Scott et al. 2006,UK,McNamara et al.,92,0.662229247606729,0.6815114188458419,ScottUK,8
Scott et al. 2006,UK,McNamara et al.,93,0.662229247606729,0.6762905564990833,ScottUK,8
Scott et al. 2006,UK,McNamara et al.,94,0.662229247606729,0.6709812943714859,ScottUK,8
Scott et al. 2006,UK,McNamara et al.,95,0.662229247606729,0.6655850346292254,ScottUK,8
Scott et al. 2006,UK,McNamara et al.,96,0.662229247606729,0.6601031794384772,ScottUK,8
Scott et al. 2006,UK,McNamara et al.,97,0.662229247606729,0.6545371309654168,ScottUK,8
Scott et al. 2006,UK,McNamara et al.,98,0.662229247606729,0.6488882913762196,ScottUK,8
Scott et al. 2006,UK,McNamara et al.,99,0.662229247606729,0.643158062837061,ScottUK,8
Scott et al. 2006,UK,McNamara et al.,100,0.662229247606729,0.63734784751411655,ScottUK,8
van Wijck et al. 2016,Netherlands,Janssen et al.,18,0.938,0.93636597748518,VanNL,9
van Wijck et al. 2016,Netherlands,Janssen et al.,19,0.938,0.9350768839642142,VanNL,9
van Wijck et al. 2016,Netherlands,Janssen et al.,20,0.938,0.933774400544763,VanNL,9
van Wijck et al. 2016,Netherlands,Janssen et al.,21,0.938,0.9324563656060336,VanNL,9
van Wijck et al. 2016,Netherlands,Janssen et al.,22,0.938,0.9311206175272332,VanNL,9
van Wijck et al. 2016,Netherlands,Janssen et al.,23,0.938,0.9297649946875688,VanNL,9
van Wijck et al. 2016,Netherlands,Janssen et al.,24,0.938,0.928387335466248,VanNL,9
van Wijck et al. 2016,Netherlands,Janssen et al.,25,0.91,0.9269854782424776,VanNL,9
van Wijck et al. 2016,Netherlands,Janssen et al.,26,0.91,0.9255572613954652,VanNL,9
van Wijck et al. 2016,Netherlands,Janssen et al.,27,0.91,0.924100523304418,VanNL,9
van Wijck et al. 2016,Netherlands,Janssen et al.,28,0.91,0.9226131023485428,VanNL,9
van Wijck et al. 2016,Netherlands,Janssen et al.,29,0.91,0.9210870829725204,VanNL,9
van Wijck et al. 2016,Netherlands,Janssen et al.,30,0.91,0.9195204611457276,VanNL,9
van Wijck et al. 2016,Netherlands,Janssen et al.,31,0.91,0.917919942534416,VanNL,9
van Wijck et al. 2016,Netherlands,Janssen et al.,32,0.91,0.916292232804839,VanNL,9
van Wijck et al. 2016,Netherlands,Janssen et al.,33,0.91,0.9146440376232482,VanNL,9
van Wijck et al. 2016,Netherlands,Janssen et al.,34,0.91,0.9129820626558964,VanNL,9
van Wijck et al. 2016,Netherlands,Janssen et al.,35,0.922,0.9113130135690356,VanNL,9
van Wijck et al. 2016,Netherlands,Janssen et al.,36,0.922,0.9096435960289184,VanNL,9
van Wijck et al. 2016,Netherlands,Janssen et al.,37,0.922,0.9079805157017966,VanNL,9
van Wijck et al. 2016,Netherlands,Janssen et al.,38,0.922,0.9063304782539232,VanNL,9
van Wijck et al. 2016,Netherlands,Janssen et al.,39,0.922,0.9046691712165676,VanNL,9
van Wijck et al. 2016,Netherlands,Janssen et al.,40,0.922,0.9029717758258838,VanNL,9
van Wijck et al. 2016,Netherlands,Janssen et al.,41,0.922,0.9012442383054524,VanNL,9
van Wijck et al. 2016,Netherlands,Janssen et al.,42,0.922,0.8994925048788525,VanNL,9
van Wijck et al. 2016,Netherlands,Janssen et al.,43,0.922,0.8977225217696637,VanNL,9
van Wijck et al. 2016,Netherlands,Janssen et al.,44,0.922,0.8959402352014662,VanNL,9
van Wijck et al. 2016,Netherlands,Janssen et al.,45,0.874,0.8941515913978394,VanNL,9
van Wijck et al. 2016,Netherlands,Janssen et al.,46,0.874,0.892362536582363,VanNL,9
van Wijck et al. 2016,Netherlands,Janssen et al.,47,0.874,0.8905790169786169,VanNL,9
van Wijck et al. 2016,Netherlands,Janssen et al.,48,0.874,0.8888069788101804,VanNL,9
van Wijck et al. 2016,Netherlands,Janssen et al.,49,0.874,0.8870523683006337,VanNL,9
van Wijck et al. 2016,Netherlands,Janssen et al.,50,0.874,0.8853675508310177,VanNL,9
van Wijck et al. 2016,Netherlands,Janssen et al.,51,0.874,0.883778656836132,VanNL,9
van Wijck et al. 2016,Netherlands,Janssen et al.,52,0.874,0.8822522801201934,VanNL,9
van Wijck et al. 2016,Netherlands,Janssen et al.,53,0.874,0.8807550144874197,VanNL,9
van Wijck et al. 2016,Netherlands,Janssen et al.,54,0.874,0.8792534537420273,VanNL,9
van Wijck et al. 2016,Netherlands,Janssen et al.,55,0.869,0.8777141916882341,VanNL,9
van Wijck et al. 2016,Netherlands,Janssen et al.,56,0.869,0.8761038221302566,VanNL,9
van Wijck et al. 2016,Netherlands,Janssen et al.,57,0.869,0.8743889388723123,VanNL,9
van Wijck et al. 2016,Netherlands,Janssen et al.,58,0.869,0.8725361357186182,VanNL,9
van Wijck et al. 2016,Netherlands,Janssen et al.,59,0.869,0.8705120064733918,VanNL,9
van Wijck et al. 2016,Netherlands,Janssen et al.,60,0.869,0.8683893568139662,VanNL,9
van Wijck et al. 2016,Netherlands,Janssen et al.,61,0.869,0.8662593967497907,VanNL,9
van Wijck et al. 2016,Netherlands,Janssen et al.,62,0.869,0.864116326583256,VanNL,9
van Wijck et al. 2016,Netherlands,Janssen et al.,63,0.869,0.8619543466167522,VanNL,9
van Wijck et al. 2016,Netherlands,Janssen et al.,64,0.869,0.8597676571526693,VanNL,9
van Wijck et al. 2016,Netherlands,Janssen et al.,65,0.863,0.8575504584933985,VanNL,9
van Wijck et al. 2016,Netherlands,Janssen et al.,66,0.863,0.8552969509413295,VanNL,9
van Wijck et al. 2016,Netherlands,Janssen et al.,67,0.863,0.8530013347988532,VanNL,9
van Wijck et al. 2016,Netherlands,Janssen et al.,68,0.863,0.8506578103683595,VanNL,9
van Wijck et al. 2016,Netherlands,Janssen et al.,69,0.863,0.8482605779522391,VanNL,9
van Wijck et al. 2016,Netherlands,Janssen et al.,70,0.863,0.8458038378528825,VanNL,9
van Wijck et al. 2016,Netherlands,Janssen et al.,71,0.863,0.8431895400902817,VanNL,9
van Wijck et al. 2016,Netherlands,Janssen et al.,72,0.863,0.8403658651374121,VanNL,9
van Wijck et al. 2016,Netherlands,Janssen et al.,73,0.863,0.8373963589761377,VanNL,9
van Wijck et al. 2016,Netherlands,Janssen et al.,74,0.863,0.8343445675883238,VanNL,9
van Wijck et al. 2016,Netherlands,Janssen et al.,75,0.798,0.8312740369558337,VanNL,9
van Wijck et al. 2016,Netherlands,Janssen et al.,76,0.798,0.8282483130605329,VanNL,9
van Wijck et al. 2016,Netherlands,Janssen et al.,77,0.798,0.8253309418842851,VanNL,9
van Wijck et al. 2016,Netherlands,Janssen et al.,78,0.798,0.8225854694089555,VanNL,9
van Wijck et al. 2016,Netherlands,Janssen et al.,79,0.798,0.8200754416164079,VanNL,9
van Wijck et al. 2016,Netherlands,Janssen et al.,80,0.798,0.8178644044885072,VanNL,9
van Wijck et al. 2016,Netherlands,Janssen et al.,81,0.798,0.815819025095631,VanNL,9
van Wijck et al. 2016,Netherlands,Janssen et al.,82,0.798,0.8137745266429042,VanNL,9
van Wijck et al. 2016,Netherlands,Janssen et al.,83,0.798,0.8117472893143106,VanNL,9
van Wijck et al. 2016,Netherlands,Janssen et al.,84,0.798,0.8097536932938357,VanNL,9
van Wijck et al. 2016,Netherlands,Janssen et al.,85,0.798,0.8078101187654629,VanNL,9
van Wijck et al. 2016,Netherlands,Janssen et al.,86,0.798,0.8059329459131777,VanNL,9
van Wijck et al. 2016,Netherlands,Janssen et al.,87,0.798,0.8041385549209635,VanNL,9
van Wijck et al. 2016,Netherlands,Janssen et al.,88,0.798,0.8024433259728059,VanNL,9
van Wijck et al. 2016,Netherlands,Janssen et al.,89,0.798,0.8008636392526886,VanNL,9
van Wijck et al. 2016,Netherlands,Janssen et al.,90,0.798,0.7994158749445964,VanNL,9
van Wijck et al. 2016,Netherlands,Janssen et al.,91,0.798,0.798099927030803,VanNL,9
van Wijck et al. 2016,Netherlands,Janssen et al.,92,0.798,0.79690084436263,VanNL,9
van Wijck et al. 2016,Netherlands,Janssen et al.,93,0.798,0.7958127394276333,VanNL,9
van Wijck et al. 2016,Netherlands,Janssen et al.,94,0.798,0.7948297247133693,VanNL,9
van Wijck et al. 2016,Netherlands,Janssen et al.,95,0.798,0.7939459127073942,VanNL,9
van Wijck et al. 2016,Netherlands,Janssen et al.,96,0.798,0.7931554158972641,VanNL,9
van Wijck et al. 2016,Netherlands,Janssen et al.,97,0.798,0.7924523467705352,VanNL,9
van Wijck et al. 2016,Netherlands,Janssen et al.,98,0.798,0.7918308178147633,VanNL,9
van Wijck et al. 2016,Netherlands,Janssen et al.,99,0.798,0.7912849415175051,VanNL,9
van Wijck et al. 2016,Netherlands,Janssen et al.,100,0.798,0.7908088303663166,VanNL,9
