SID,Model,Var,mean,se_mean,sd,X2.5.,X25.,X50.,X75.,X97.5.,n_eff,Rhat
DEU,C1,bg,-0.01564876364725806,3.775638838055622e-4,0.01097510557000839,-0.0377954163549285,-0.02289791224076216,-0.015798615145123,-0.00858121172502806,0.0065000761319456,844.9607259179894,1.0016506651093586
DEU,C1,b0,0.8658838153963033,8.004209989000954e-5,0.00248777395634726,0.8608527813158707,0.8641952754023576,0.8658689131059732,0.8675610820907348,0.8708218985723328,966.0172610062986,1.000442285785643
DEU,C1,bg,-0.01564876364725806,3.775638838055622e-4,0.01097510557000839,-0.0377954163549285,-0.02289791224076216,-0.015798615145123,-0.00858121172502806,0.0065000761319456,844.9607259179894,1.0016506651093586
DEU,C1,sigma,0.06358588538159608,3.352763991210015e-5,0.0012262139247333,0.06125625192155911,0.06274093283259566,0.06354350779530722,0.06438293395239904,0.06606585913075737,1337.6008011013391,1.0008077539701523
DEU,C1,lp__,1720.1658153851367,0.041388076829776,1.1828286414946838,1717.0824822412433,1719.639762878906,1720.479508626874,1721.03924724358,1721.5034447865687,816.7575751751525,1.0026886473534806
DEU,C2,bg,-0.03655899780985486,0.00138601702132468,0.04485208880621719,-0.12739566877570932,-0.06599914536361731,-0.03685085571531012,-0.00525914215442406,0.05089200115824244,1047.1965896771142,0.9992055292067116
DEU,C2,b0,0.30209765247593456,3.035010616892509e-4,0.0100867685957291,0.2820014959395729,0.29509435777225623,0.3020403591999268,0.3090821237497641,0.3220730656178411,1104.5456916227663,0.9984899254506252
DEU,C2,bg,-0.03655899780985486,0.00138601702132468,0.04485208880621719,-0.12739566877570932,-0.06599914536361731,-0.03685085571531012,-0.00525914215442406,0.05089200115824244,1047.1965896771142,0.9992055292067116
DEU,C2,sigma,0.1028181491427465,1.432291668910476e-4,0.00522056166600526,0.09322678236362314,0.0992209008076698,0.10260722594389046,0.10620622895750231,0.11374660594105046,1328.5304977853743,1.0043034919976144
DEU,C2,lp__,173.2321855548019,0.03958975972613303,1.2027423496178185,170.09721936856545,172.69022195144518,173.55151334380713,174.09465290254718,174.58387596732038,922.9527630305143,1.0026350772836103
DEU,PC1,bg[1],15521734905385192e8,3267989766716351e9,6841832988621528e9,-5034970002600021e9,-2217326897768859e9,-6400328189337353e8,6712976813600937e8,23727470729813423e9,4.383122025954392,2.4528227037392307
DEU,PC1,b0,1.659094605993071,0.00395468316649347,0.15688671699858298,1.3608355631068534,1.5494614960892743,1.6592501747123023,1.7651748113274364,1.9670268718593644,1573.797893238208,1.0018965362264665
DEU,PC1,bd15,-0.4362670295767858,0.0108594100362939,0.4391330359347256,-1.3164429625888845,-0.7298595978054888,-0.4392984550475037,-0.1390434248350417,0.4382233199773402,1635.2334294875177,1.0029931892813435
DEU,PC1,bd30,0.7295707484315244,0.00957378906110874,0.36546950287222857,0.01585666362058115,0.4861630652637053,0.7289982175313117,0.9762538381302466,1.4450027737844404,1457.2517181469216,1.00170682741232
DEU,PC1,bg[1],15521734905385192e8,3267989766716351e9,6841832988621528e9,-5034970002600021e9,-2217326897768859e9,-6400328189337353e8,6712976813600937e8,23727470729813423e9,4.383122025954392,2.4528227037392307
DEU,PC1,lp__,-203.83376005657232,0.03993839273135342,1.235695009730988,-207.0530039842556,-204.4335936144484,-203.48269528572607,-202.93584229444548,-202.39180583071345,957.2853641675966,1.0030378364045198
DEU,PZ,bg[1],4659718583210841e9,3925598472272916e9,15880835291496737e9,-16998114979002845e9,-8227363144042724e8,-17905958995332247e6,8308509475274586e8,5652847420131376e10,16.365713007689248,1.25393007792988
DEU,PZ,b0,-1.892949260502638,0.004204104728277,0.166129195392123,-2.2187884815518597,-2.0020790343527937,-1.8884471906551017,-1.780249180382076,-1.576489853219607,1561.510363708134,1.00162657541773
DEU,PZ,bd15,0.07138839056020779,0.00704309809240964,0.28646013787815144,-0.4823536312561566,-0.1244491493292298,0.0740984910680101,0.2627788621455254,0.6295496669667872,1654.2491461117263,0.999990999953868
DEU,PZ,bd30,1.2129023529011045,0.00652605105031638,0.25771928698937835,0.710387536289533,1.0363971450296294,1.214413252649444,1.393793189134881,1.7147322683982722,1559.5270384965645,1.0003703402680446
DEU,PZ,bg[1],4659718583210841e9,3925598472272916e9,15880835291496737e9,-16998114979002845e9,-8227363144042724e8,-17905958995332247e6,8308509475274586e8,5652847420131376e10,16.365713007689248,1.25393007792988
DEU,PZ,lp__,-245.976920474971,0.05182959840491688,1.259529868308186,-249.11971875757723,-246.55796953800393,-245.6621731060388,-245.0675150299963,-244.57708366091276,590.5562280219549,1.0064298066952182
ESP,C1,bg,0.03092818455875825,9.34697287537368e-4,0.03447177096729807,-0.03706712478216918,0.00874491053286396,0.03115293596914355,0.05408265786136667,0.0971669380315585,1360.1450535399283,0.9987327892624304
ESP,C1,b0,0.8035511816312739,1.4226973369877992e-4,0.00528397422360124,0.7933733485892372,0.8000615446952223,0.8036308691502894,0.8070903547194841,0.813875122234157,1379.419444363444,0.9993972336055366
ESP,C1,bg,0.03092818455875825,9.34697287537368e-4,0.03447177096729807,-0.03706712478216918,0.00874491053286396,0.03115293596914355,0.05408265786136667,0.0971669380315585,1360.1450535399283,0.9987327892624304
ESP,C1,sigma,0.10485407974560984,7.54746183651596e-5,0.00271601160481271,0.09979718308791329,0.10296429513446088,0.10486115200366956,0.1066943077941267,0.1102919671089282,1294.9750202650418,1.00044681052866
ESP,C1,lp__,622.3456593031083,0.04770936425188531,1.2674644307537908,619.0543010703692,621.8081535997443,622.6876753128739,623.2436667403107,623.7385608290588,705.7718006762032,1.0064065796756467
ESP,C2,bg,0.05127926271453479,0.00188080562026403,0.07103557582911782,-0.08418358290384508,0.00276100406476016,0.05053853829344933,0.10050102953614892,0.19164635234104083,1426.474402451224,0.9985609959743958
ESP,C2,b0,0.28749675844928746,4.0564585066770793e-4,0.01484402649815254,0.25876442833893676,0.27755235495771285,0.2875712306822329,0.29789168414912903,0.31467191883494794,1339.0887639168354,1.000994183382257
ESP,C2,bg,0.05127926271453479,0.00188080562026403,0.07103557582911782,-0.08418358290384508,0.00276100406476016,0.05053853829344933,0.10050102953614892,0.19164635234104083,1426.474402451224,0.9985609959743958
ESP,C2,sigma,0.26451422307443623,2.524336719360445e-4,0.00972929287071723,0.24693307520355112,0.25813292449565817,0.2640143511619203,0.2706591551823365,0.28457572602217923,1485.4840194467452,1.0002786564410246
ESP,C2,lp__,-35.798566704682514,0.03777147688641005,1.227864576260909,-38.992575442018264,-36.33280497188686,-35.48411926489914,-34.90030398597541,-34.4317524164273,1056.7518280145923,1.001503945840117
ESP,PC1,bg[1],-19014931471685347e8,9746928996562092e9,14706485695576727e9,-35020025308478906e9,-3439032032872755e9,2433957794259397e9,6972504344883155e9,18058267158525685e9,2.2765762716952835,3.7611641347689777
ESP,PC1,b0,0.9003056218543736,0.00394903639734309,0.14622914058459047,0.6205277497153228,0.7982930418399384,0.9035195525541784,1.000334080077993,1.1884314971479006,1371.151938701891,0.9992736708780612
ESP,PC1,bd15,-0.017792062134344,0.00619991163583177,0.24758750899575113,-0.5244065861511138,-0.1865579291646196,-0.00855010501647251,0.1461296180647346,0.45625426629145965,1594.727418473373,1.0023429063224774
ESP,PC1,bd30,-0.3841616559724744,0.00678163299327586,0.23577033762508864,-0.8254591976631708,-0.5450985574678493,-0.3872860913536781,-0.2265815152994103,0.06639617382512145,1208.6756273078715,1.0015366955337728
ESP,PC1,bg[1],-19014931471685347e8,9746928996562092e9,14706485695576727e9,-35020025308478906e9,-3439032032872755e9,2433957794259397e9,6972504344883155e9,18058267158525685e9,2.2765762716952835,3.7611641347689777
ESP,PC1,lp__,-318.49582294953944,0.04222948173987873,1.2364918925203048,-321.67742019937464,-319.0531834042777,-318.162998508482,-317.59736482207404,-317.0754469080884,857.3359657771313,1.00377813516974
ESP,PZ,bg[1],27691321825289635e7,27815393834106973e7,5102595114714323e8,-6005357582915638e8,-4299955670239403e7,14885472582057044e7,5312515621830216e8,1655933792768407e9,3.365207056828494,1.977462614563235
ESP,PZ,b0,-4.32107974298595,0.01259620387167118,0.5161684539325893,-5.354302642942101,-4.656482111785393,-4.292756795012222,-3.96378076810416,-3.379160093349975,1679.204367684797,1.0001825700065412
ESP,PZ,bd15,-0.2182040905849609,0.01664760784315048,0.6835639877458136,-1.5010361234155605,-0.6747491957128604,-0.2039919803359167,0.2471707710276462,1.1467455659199293,1685.9887620072516,1.001525226112334
ESP,PZ,bd30,0.2652452303979773,0.01542838407122221,0.6200187240543219,-0.9902314404282788,-0.14061013845574516,0.28059864731908357,0.7010686635145309,1.4426731841348512,1614.9858700362477,1.002132183998953
ESP,PZ,bg[1],27691321825289635e7,27815393834106973e7,5102595114714323e8,-6005357582915638e8,-4299955670239403e7,14885472582057044e7,5312515621830216e8,1655933792768407e9,3.365207056828494,1.977462614563235
ESP,PZ,lp__,-42.8366197819254,0.04661184884638877,1.3324454570908544,-46.29680562566871,-43.41104893154307,-42.51198310470642,-41.85031599635875,-41.35766981254277,817.1583484830288,1.0025330138690198
FULL,C1,bg[1],0.3006077002114931,2.618472512011074e-4,0.01281771669525755,0.27507431926225273,0.2922762719216445,0.30078515897632346,0.3095610485738436,0.3246807993115332,2396.2123287376207,0.9995660982701162
FULL,C1,bg[2],0.1995827138394516,2.825590584530251e-4,0.01345172359031004,0.17478953470248598,0.19026916701786595,0.19911248678912483,0.2087603395784348,0.2276275843893228,2266.404375660663,0.99950635648666
FULL,C1,bg[3],-0.02092312017913318,4.445290344933415e-4,0.0209337450255817,-0.06129979028277524,-0.03504979665591776,-0.02123566056215525,-0.00661619623117541,0.0197082525410252,2217.653017499154,1.0000788088955077
FULL,C1,bg[4],-0.14165569487697563,3.158647411499176e-4,0.01544193036999198,-0.17191215609875798,-0.1517734418225554,-0.14130730631009486,-0.13142336310604646,-0.11085842553972572,2390.016393764069,0.9990485993693732
FULL,C1,bg[5],-0.12702865185643494,2.9525888897557865e-4,0.01430281388128984,-0.1552930766985134,-0.13700253326937709,-0.12683207076125522,-0.1172897202934494,-0.098934929846269,2346.5889009844436,0.9985487863738196
FULL,C1,bg[6],-0.15860271377372134,9.196134166886442e-4,0.04953654648585544,-0.2531355555574377,-0.1918374202415139,-0.15911543303773118,-0.12559191137077133,-0.06057140738945576,2901.622124877096,0.9988132204687366
FULL,C1,bg[7],-0.2786520350284277,8.899073687022052e-4,0.0450598944343397,-0.3688807020209589,-0.3100605430279755,-0.2774168379940618,-0.24836260007979188,-0.19143464459534568,2563.8389088574645,0.9996801216372871
FULL,C1,bg[8],-0.08747432115875053,3.5379813890213144e-4,0.01845050517205622,-0.12407664032666556,-0.10017925213738388,-0.0870843646518313,-0.07506340094511872,-0.05162129723418551,2719.602520883378,0.998501115011938
FULL,C1,bg[9],-0.05285978907671618,7.743177072615938e-4,0.03848615787162458,-0.1236343659094869,-0.07904858990823412,-0.05298702513394886,-0.02701263783198532,0.02411667037451188,2470.419644915789,0.9987704932513116
FULL,C1,bg[10],-0.1441152766818059,5.128372538166939e-4,0.02548067542694142,-0.19570771208686472,-0.16064309511785585,-0.1441609488001017,-0.12716248371452163,-0.0946097113043224,2468.668297160124,0.999786615663625
FULL,C1,bg[11],0.01270340517705292,5.937367355795704e-4,0.03015720900284936,-0.04505312621270041,-0.00766146506681561,0.013177555596802,0.03237186799002339,0.06963340125914451,2579.849973058147,1.0005344352037924
FULL,C1,bg[12],-0.02562371988150339,8.508412639773511e-4,0.04389199579335475,-0.11212662295610068,-0.05586917618335418,-0.02579754782836692,0.00298160707921679,0.05998494397944506,2661.175825649578,0.9998833765498556
FULL,C1,bg[13],0.04403971532150992,1.5855565240106403e-4,0.00800572201036081,0.02840424310235219,0.0385749902295445,0.04415844956294219,0.04935785851648777,0.05982509395712121,2549.3974871767145,0.999472095200725
FULL,C1,b0,0.7645403759225291,3.5415456462549696e-5,0.00147566145416759,0.7616873805905594,0.7635386154193583,0.7645265237293193,0.7655385213928703,0.7675030585197266,1736.1521360369345,1.0000533031750876
FULL,C1,sigma,0.10000280417907108,1.6407706521651887e-5,8.357817393365048e-4,0.0983819947566707,0.09944685910649338,0.10000414666333736,0.10056782235222944,0.10159488761347026,2594.717002321472,0.9989167063871448
FULL,C1,lp__,7361.660469297225,0.08338807517340772,2.660153698318804,7355.68320154924,7360.005576133362,7361.990216823235,7363.5839219660575,7365.913363503648,1017.6666947270812,0.9987287415086952
FULL,C2,bg[1],0.288557649649233,8.783060627991931e-4,0.05834717951974644,0.17387336757702504,0.2481646639821838,0.2882960378419763,0.33045083309173673,0.40054890303161,4413.142726259588,0.9992143401362166
FULL,C2,bg[2],0.09467743354106656,8.227931069863981e-4,0.05639337509094529,-0.01520617142645518,0.05622488042678775,0.09456749104724016,0.1330702081445695,0.20226379936678213,4697.587578947397,0.9987832195759804
FULL,C2,bg[3],0.05628194777870007,0.00101976342279219,0.06863950968126256,-0.07929278331386604,0.01111304797075663,0.05745184728623938,0.1012067916234179,0.19158815210243324,4530.53493961902,0.9985091022649892
FULL,C2,bg[4],-0.00564944611009755,0.00114082594483121,0.08752209828692045,-0.17428819546231394,-0.06475662417261674,-0.00663577379540193,0.05460306398040546,0.1642198662808469,5885.68023229051,0.9992055581608512
FULL,C2,bg[5],-0.1946086543281672,0.00107904093219813,0.06857366208168905,-0.32849690065485715,-0.24193225391375872,-0.19594900617680833,-0.14794859003747837,-0.06231191827363071,4038.674451091675,0.9990613821422732
FULL,C2,bg[6],-0.0080545427127455,0.00131124948390536,0.0935637375319207,-0.19054544370808427,-0.07167387266229654,-0.00759494486500776,0.0534297718642453,0.1808704608206796,5091.484938775713,0.9982445229668928
FULL,C2,bg[7],-0.08040845101245754,0.00150985122860387,0.1009063506798788,-0.2832458077926497,-0.14886974694697194,-0.07947207529548289,-0.01554613576716936,0.1199143882990802,4466.513866486079,0.9997127401605812
FULL,C2,bg[8],-0.16569388815607014,0.0011540418024228,0.07515495830487044,-0.30935218268003745,-0.21587217392765257,-0.1657759405734364,-0.1142133492934876,-0.02355004715584375,4241.038310761637,0.9989116716211331
FULL,C2,bg[9],-0.07409242136077225,0.0014580991315045,0.09891072071362716,-0.2725595199222638,-0.14192221471955704,-0.0730690547341248,-0.00472182770599951,0.11435099378084362,4601.639900985125,0.9991516671029862
FULL,C2,bg[10],-0.143268813608229,0.00130000013809523,0.09312088703292933,-0.3250747981113425,-0.2051517484660076,-0.14174083085517852,-0.0794897365505339,0.03700369693733934,5131.063763019686,0.9990459326043484
FULL,C2,bg[11],0.00359686750959532,0.00132254016367242,0.09570342803547996,-0.18693708713121257,-0.0611564388489291,0.00463538151805082,0.06812126615748007,0.18873072174318084,5236.453469269436,0.9981489137737396
FULL,C2,bg[12],-0.00209401525523086,0.0013762901428661,0.09943444224309812,-0.18851222424061148,-0.06954541778259463,-0.00188080991511281,0.06446606744861241,0.1930857356917742,5219.797861727356,0.9997286527494176
FULL,C2,bg[13],0.16521240932302553,8.354119496113699e-4,0.05453997651981582,0.05904949942039552,0.12943088958267418,0.1651878319355149,0.20129551347918703,0.27360302155055444,4262.148009357311,0.9989994575518282
FULL,C2,b0,0.1607675363462864,1.0386396323464692e-4,0.00591113414754417,0.14923537354509303,0.15678396444714587,0.16089868913533625,0.16478345850795725,0.1721990588119943,3239.0067271456983,0.99969798978169
FULL,C2,sigma,0.2153658703272554,5.4334081072571845e-5,0.00386716765664465,0.20797670179564984,0.2126109284022281,0.2153124365313318,0.21807824477356264,0.2230097332229941,5065.721955259075,0.9998183338559076
FULL,C2,lp__,164.3598823647798,0.0914340093488597,2.675378888896504,158.28052471325898,162.70097003340217,164.6383734878719,166.3147791584095,168.62185132107055,856.1602567532266,1.00082111283662
FULL,PC1,bg[1],0.05213132177189531,0.00124731525841764,0.06808114181554556,-0.07344248184600004,0.00576072241007269,0.05066270423512263,0.09672760911599418,0.1840127638874333,2979.210510781289,0.99953622542361
FULL,PC1,bg[2],-0.3130256249588295,0.00126213680112792,0.06490962314638758,-0.4399241356586296,-0.3580560502290203,-0.3135048517324592,-0.2693534261238759,-0.18646368714938089,2644.87599785676,0.9983904401071791
FULL,PC1,bg[3],-0.3274739944082082,0.00116469053327212,0.06453975313290024,-0.4513798211334765,-0.3699254250175764,-0.3270432530039019,-0.2835472960514007,-0.20423533558401163,3070.6725648197635,0.998369490934526
FULL,PC1,bg[4],0.5698930141486664,0.00133550459697435,0.07719797801344136,0.41719741332520327,0.5193445572184362,0.5704313817814675,0.6229787316925224,0.7146180645716286,3341.3431267880005,0.9985001765146436
FULL,PC1,bg[5],0.01682572149941688,0.00122086125282421,0.06592703571421264,-0.11279462723172325,-0.026330849928477,0.01792121254713775,0.06068403861445407,0.1428723324742952,2916.046713655977,0.998652155406716
FULL,PC1,bg[6],-0.02980724619855916,0.00149502714069559,0.08840478154731518,-0.2076345834100705,-0.0904114447771324,-0.02971192687083403,0.02997036163771992,0.1447724049470415,3496.6596085271563,0.9998795678625394
FULL,PC1,bg[7],-0.04397065761100489,0.00168720116147522,0.09582594839517213,-0.23517512704416504,-0.10684497481363024,-0.04541799361291793,0.02082476249255184,0.14111395210913602,3225.7634812344977,0.9985934370884002
FULL,PC1,bg[8],0.08996965449440131,0.00149982479599408,0.08364090514666758,-0.07622154148869198,0.03454203680858905,0.0874319251991464,0.14685176045875048,0.25130461945397187,3109.9713584931696,1.0002126156317324
FULL,PC1,bg[9],-0.07512259510010204,0.00143735483047291,0.09231166676105716,-0.25413993437061405,-0.13861410933025553,-0.07598690322414484,-0.01320707013674463,0.102842827800073,4124.631930203905,0.9987646002968644
FULL,PC1,bg[10],0.07667151498072515,0.00158374450848936,0.08459371760484118,-0.08611918791325236,0.02004336551793627,0.07541310690943943,0.1314896883469696,0.2439264852102121,2853.0276344104805,0.9993775717844596
FULL,PC1,bg[11],0.01747708456352613,0.00127978084059068,0.07853698527900571,-0.13459436433468597,-0.03515084608127489,0.01492492272615762,0.07158959707817994,0.16845365454045538,3765.973369134233,0.9981868223341568
FULL,PC1,bg[12],-0.09043797201870184,0.00145810843689668,0.09543768762279438,-0.2766010126665916,-0.15691959887931178,-0.0909277924148192,-0.02467039888306763,0.09206611465207816,4284.105632460463,1.000508661609761
FULL,PC1,bg[13],0.06151581592395391,0.00116447522876207,0.06404409033167414,-0.06831253015619171,0.01955255342297944,0.06343405598651025,0.10365834743337404,0.18739020898701095,3024.8066133812094,0.9983262970534534
FULL,PC1,b0,2.029179806755024,0.00124906651361247,0.05574653311304071,1.920733408940153,1.9913400258704663,2.0297025746302486,2.0650355955225876,2.1366270555845404,1991.8865381259436,0.9985666662992834
FULL,PC1,bd15,-0.42182093617735705,0.00148735675745352,0.07707417402758393,-0.5772396062271365,-0.4749536932000192,-0.4211775856612288,-0.37003864204740344,-0.27336582093966394,2685.2668887119135,1.0009490404518566
FULL,PC1,bd30,-0.3524390568330023,0.00144779700699619,0.0755250112101927,-0.4975921375455074,-0.40189866569610094,-0.35391557834881715,-0.3002905982837817,-0.2085404238342027,2721.2362513594803,1.000508451375872
FULL,PC1,lp__,-4172.129485412646,0.1027211850610897,2.9432970581692075,-4178.689649021297,-4173.945846672579,-4171.856957087231,-4170.028104249761,-4167.2774288758,821.00943978934,1.0104204892429918
FULL,PZ,bg[1],0.07550445642724032,0.00168139883938016,0.10294933524259632,-0.12300370926064325,0.00650474239284359,0.07278939524027214,0.1426144535955554,0.28608905257754236,3748.915112700483,0.9988127310507496
FULL,PZ,bg[2],-0.0298904225008918,0.00152506222576961,0.0977280772386348,-0.21695174149831004,-0.09575456417556376,-0.02825786130916283,0.03363980161927288,0.17050489734411553,4106.422021084635,0.99864841190304
FULL,PZ,bg[3],-0.03402631269802965,0.00158950276419992,0.1001106725911253,-0.2335040791619711,-0.10002225921519388,-0.03301913064792852,0.03480158685895511,0.1553800555275291,3966.7806251577817,0.9984932226079112
FULL,PZ,bg[4],-0.04333047311609181,0.00158159692788747,0.09762257468505872,-0.2338074686445672,-0.1064779100019672,-0.04277768764166114,0.02075608368133992,0.1436169038031434,3809.858881369497,0.9993491955076668
FULL,PZ,bg[5],-0.0368440491776313,0.00167184953155102,0.09808821317686488,-0.223358667381912,-0.10304842236471828,-0.03687959113202961,0.03012289141057551,0.1494115316724868,3442.2251302925365,0.999269829953942
FULL,PZ,bg[6],-0.00286835992477671,0.00173392598027999,0.09891081106668348,-0.2014677301012167,-0.06659085304270189,-0.00473155193878309,0.06143911594990731,0.19565404508318904,3254.0664583910243,0.9994348018336447
FULL,PZ,bg[7],-0.00297343288808611,0.00160419944827427,0.10005535189594145,-0.20056047886739345,-0.07012397483103189,-0.00113357594520608,0.0660833023740225,0.18955857499650433,3890.12827471938,0.999093793236205
FULL,PZ,bg[8],0.01183246730553121,0.00162416859286374,0.09576746345859366,-0.1737128768393949,-0.05538576923069115,0.00972917207154462,0.07893050377753791,0.19869492448883663,3476.7523193450565,0.9985246151561068
FULL,PZ,bg[9],0.01865407795969301,0.00153745513462088,0.09697319936170788,-0.1665782182876275,-0.04640637227429221,0.01738225047423579,0.0853045839510283,0.20850663701929323,3978.3093082182345,0.9984137557544056
FULL,PZ,bg[10],-0.00775003547661872,0.00148909899739943,0.09769502191134932,-0.19616453848849472,-0.07367433821702744,-0.00820454593135756,0.05804897948171518,0.17861813757294487,4304.252365621267,0.999603465792642
FULL,PZ,bg[11],0.0089964411569075,0.00157095629918717,0.0999401656609561,-0.1901792144116239,-0.05615393452591562,0.00960401244290868,0.07783788785222756,0.20625424801094644,4047.1744245130217,0.9986277680733616
FULL,PZ,bg[12],4.8679327133431874e-5,0.00142569259031807,0.09803160437763242,-0.18576024037169855,-0.06769121715474138,-1.8684819466590133e-4,0.06720081643268928,0.19427931050785532,4728.032309811003,0.9986731214246164
FULL,PZ,bg[13],0.03277080141680304,0.0015308089288759,0.0922224892904207,-0.1451173233662853,-0.02835913641912277,0.03259068805929825,0.09301437078115224,0.21310788916475656,3629.3738671860783,0.999154878110507
FULL,PZ,b0,-1.8723208508682645,0.0038930867280529,0.18824352579248185,-2.255589974044845,-1.9962288476009016,-1.8695873086336987,-1.7503599105952958,-1.5050499392379888,2338.0400138258683,0.9992699162028024
FULL,PZ,bd15,-0.8940253176894271,0.00756364927261632,0.3975292476201502,-1.6933063100266297,-1.163353916966158,-0.8814094172572409,-0.6270872299676926,-0.12003593686201082,2762.329037755328,0.9987749337240346
FULL,PZ,bd30,-0.04184793334672532,0.00718592085823124,0.32286825566350325,-0.6814388395604177,-0.25770974657567974,-0.03240116589811476,0.1786091833362788,0.5667838084428936,2018.7653184393664,0.9991113319668248
FULL,PZ,lp__,-179.07640569804886,0.0987851413413466,2.828214557030523,-185.32567792233408,-180.7835372009772,-178.85185298130955,-177.01623638333103,-174.41490307797915,819.6745584966367,1.0013735305961335
GSK,C1,bg[1],0.17103971685077282,2.599809860935362e-4,0.01181566085969383,0.14744090159164225,0.16326288784176674,0.17080804311795872,0.1787642663765535,0.1940085761738665,2065.536438479328,1.0003896612397143
GSK,C1,bg[2],0.09000038917466296,2.834306652539338e-4,0.01295825692508919,0.0646746248740841,0.08157225652082156,0.09030610874162856,0.09885210254259746,0.1154686926831774,2090.256105938205,0.9994171113645082
GSK,C1,bg[3],0.0225711134514038,4.7071098756710546e-4,0.02275636298414754,-0.01965490785074539,0.00724881535544568,0.02247195541804077,0.03794724639947951,0.06814593073326346,2337.206218702185,1.0018089685654237
GSK,C1,bg[4],-0.2136071182121975,3.11162982859141e-4,0.01477464451155573,-0.2414761271142349,-0.22348994440148584,-0.2140089202987216,-0.2034623935768709,-0.18471895051002116,2254.541471345076,1.000086312287021
GSK,C1,b0,0.8058422790779651,4.256460949895992e-5,0.00180421642655899,0.8024051071994719,0.8046018790932048,0.8058151298792718,0.8070395945193956,0.809452202501193,1796.718163896849,1.0023883372420608
GSK,C1,sigma,0.08611732327138413,2.212790831791641e-5,9.91969960404899e-4,0.08420140536096164,0.08546015555304166,0.08610602987682058,0.0867457038642821,0.0881541694825713,2009.6309689258028,0.9988196557082424
GSK,C1,lp__,4240.266870928744,0.0669274017221033,1.81552009551452,4235.765027234752,4239.2703986349625,4240.645561248595,4241.6122937205555,4242.705755633397,735.8582964829725,1.001518161628382
GSK,C2,bg[1],-0.02143867198487575,0.00123288795665934,0.06399671268938031,-0.14471217344804957,-0.06501164109952896,-0.02167481060847291,0.02217491388020587,0.10236041021638818,2694.4374860807866,0.9999280419860704
GSK,C2,bg[2],-0.15529352283986367,0.00122057287161073,0.05579761087490814,-0.26481242842579295,-0.19210352282829085,-0.15449460479944854,-0.11733395476708036,-0.04857161468900619,2089.795460464461,0.999501956836037
GSK,C2,bg[3],0.03981762540932402,0.00126891445418465,0.05941470904564513,-0.07805617372717581,9.476025385591566e-4,0.03987883395864383,0.07905714302983932,0.15681220718307143,2192.417502828823,0.9994990736206766
GSK,C2,bg[4],0.1651164380627909,0.00146077139124885,0.07064527700117382,0.02353654890473766,0.1187884844824148,0.16522867582487857,0.21213975080440295,0.3044296713928202,2338.8466909902627,0.9993044525696192
GSK,C2,b0,0.2939127481938516,1.7902367882107503e-4,0.00814048668053709,0.27799638244460323,0.28822759248323954,0.2940054700993687,0.29949094871676674,0.30955013349637894,2067.6631384526786,0.999292726121556
GSK,C2,sigma,0.22271714078589683,9.079386185253164e-5,0.00492273996820829,0.2133686034142052,0.2193796151645092,0.22266670373775763,0.2260552352427681,0.2323859653779812,2939.685118371281,0.9990470404152016
GSK,C2,lp__,83.54294920300174,0.05842194799023181,1.7629180433831524,79.3944611182946,82.66798944789451,83.79967592643666,84.80739356603078,85.88990425780807,910.5675684024886,1.0019272728939084
GSK,PC1,bg[1],0.30518563837359786,0.00181584674932006,0.07170686348598883,0.16464692382333437,0.2576256280932477,0.3065564731017672,0.3502223455168439,0.44776287248542673,1559.4198829693007,1.0003356792960567
GSK,PC1,bg[2],-0.12002150383061629,0.00179453914265467,0.06819702652882355,-0.2536071829249848,-0.16726459905910873,-0.12056252259516972,-0.0737763094615877,0.01318263127502003,1444.192240824912,0.9992810471472612
GSK,PC1,bg[3],-0.5149435966914848,0.00167385037145417,0.0692378079721818,-0.644040419448291,-0.5640790903098865,-0.5154222705768398,-0.4659610497586251,-0.38253726523401593,1711.0131755177736,0.9989248742483025
GSK,PC1,bg[4],0.33351956402177607,0.00186866479066331,0.07443348047650515,0.1876397574953869,0.2822495990057482,0.3360728156240425,0.3860153526873734,0.47238992150926734,1586.6233753576855,1.0005605380780067
GSK,PC1,b0,1.4845440679706252,0.00193898457344987,0.0699105103333369,1.3454871891431202,1.4372170979110428,1.484901863654026,1.5319518568747017,1.6195966034670473,1299.978701848861,1.001267213983922
GSK,PC1,bd15,-0.0256244327999141,0.00256514931537456,0.10029749231851684,-0.22038066336944237,-0.08909256072093509,-0.02385206584883653,0.03924498123963881,0.17627736067804375,1528.8146974426104,1.0047368421762255
GSK,PC1,bd30,-0.20919820831868885,0.00251348378613964,0.09006215646167676,-0.3833853877926479,-0.2723703892083299,-0.2104559252569447,-0.14873376131434202,-0.02798545630321412,1283.9038673463122,1.0027913437164964
GSK,PC1,lp__,-2539.9937743297382,0.0657697166651597,1.9745879330442893,-2544.9066108076563,-2540.9899811504088,-2539.653884850127,-2538.527690125507,-2537.2825314174456,901.3656746249072,1.0033540148145546
GSK,PZ,bg[1],0.18357903623068683,0.00209342881316086,0.09021231529857272,0.0130684421148578,0.1197442003771045,0.18514807054653487,0.2438836558347364,0.3636964663845885,1857.0143664077657,1.000127490477714
GSK,PZ,bg[2],-0.00167678902738336,0.00216174373639129,0.09491733579090446,-0.1911780890177065,-0.06490863759971585,-7.179810312299003e-4,0.05868537845723061,0.18842976688947652,1927.891820113712,0.998854862746044
GSK,PZ,bg[3],-0.10066721552829529,0.00212674127317318,0.0946392788918128,-0.2862290794900882,-0.16221587073007435,-0.10366416307072526,-0.03749676248114236,0.09154898339641038,1980.220381542727,0.9994394538489948
GSK,PZ,bg[4],-0.08680977773703658,0.00195052864075797,0.09777525117470572,-0.26679384171504666,-0.15420586860217467,-0.0903768265487305,-0.01682864957934168,0.10146264406541652,2512.77277029776,0.999232154014727
GSK,PZ,b0,-2.0996895916556,0.00533290912675859,0.1967042253766856,-2.4885786481022345,-2.2291533884732218,-2.0940115217694295,-1.9618205863039513,-1.738384708958637,1360.5014576470153,1.0003502703180505
GSK,PZ,bd15,-0.4211069855943176,0.00850696921595728,0.3630112769854648,-1.1197801149496476,-0.6753797595852165,-0.4246930015752337,-0.16967755599197396,0.27081609364992765,1820.9185109041628,0.9990083675927094
GSK,PZ,bd30,0.5142624717377594,0.00893745300875249,0.3231225919117593,-0.12846699521368082,0.3027131409852155,0.5187128548773227,0.7233480943524769,1.1456028780280922,1307.0948542119695,0.999894028762587
GSK,PZ,lp__,-190.49577067897584,0.06016357540452501,1.9102319822435612,-195.0312087761739,-191.54159156877276,-190.10911957623583,-189.07896929697608,-187.84681416642445,1008.1030965668028,1.0066610806293066
ITA,C1,bg,0.01630289774936603,2.5772570831256685e-4,0.00905032687813322,-0.001246645200756,0.01020077251203541,0.01624026631563718,0.0225799468028292,0.03390994189774329,1233.1418778440056,1.0027771096012057
ITA,C1,b0,0.7385413252645845,5.1882549694897784e-5,0.00190680202442908,0.7347120433328588,0.7372279884165434,0.7385660253882209,0.739853909156639,0.7422389464169594,1350.7301290160246,1.000251190217258
ITA,C1,bg,0.01630289774936603,2.5772570831256685e-4,0.00905032687813322,-0.001246645200756,0.01020077251203541,0.01624026631563718,0.0225799468028292,0.03390994189774329,1233.1418778440056,1.0027771096012057
ITA,C1,sigma,0.04250739223446877,2.6235999989014648e-5,0.00100042142821208,0.04061303785487281,0.04181026787806442,0.04244957177573842,0.04318937389201009,0.04454994269339078,1454.0211598053224,0.9989000061970388
ITA,C1,lp__,1544.9555682825508,0.0439991893449914,1.2907893066227496,1541.6296821131257,1544.3573515191367,1545.297457770997,1545.8934898691864,1546.3877189287032,860.6396846749514,1.001588825990225
ITA,C2,bg,-0.12169175848173336,0.00149025894889485,0.05793917599510732,-0.23653991852600512,-0.15944667821191602,-0.12125301244420689,-0.08313044989395191,-0.00931585403276232,1511.545247052713,0.9998867891246658
ITA,C2,b0,0.5061108100165875,3.1420248450647994e-4,0.0117638067889225,0.4825359893809333,0.498743099168094,0.5058424864455662,0.5136702256706148,0.530318510850116,1401.769273957787,1.0010912845344702
ITA,C2,bg,-0.12169175848173336,0.00149025894889485,0.05793917599510732,-0.23653991852600512,-0.15944667821191602,-0.12125301244420689,-0.08313044989395191,-0.00931585403276232,1511.545247052713,0.9998867891246658
ITA,C2,sigma,0.15499103087992722,1.9278080283347297e-4,0.00721157088766215,0.1417538466845815,0.15005594681387469,0.15472778447641303,0.15980723843881933,0.1701730155178471,1399.3687930966005,1.0006959984805266
ITA,C2,lp__,98.92106356477282,0.03845078248124904,1.168223723467857,95.85054394714756,98.34516697104236,99.22875663584816,99.79329502402942,100.2856882719587,923.0849669784698,1.007505050615369
ITA,PC1,bg[1],-10715257094597693e7,4421944429375828e8,8394940196824851e8,-16675608926527546e8,-4131034130535191e8,-14715019130699258e7,12903912037953735e7,16813811176630757e8,3.604198091821541,2.40090715596721
ITA,PC1,b0,1.3689119984597211,0.00378684847391284,0.15500792248684075,1.0811270419038554,1.2556469242938193,1.3672398751713473,1.4790146409022111,1.6768515131169706,1675.5289491817364,1.0008121794354852
ITA,PC1,bd15,0.2903033311888797,0.00836373875664645,0.2814939486085446,-0.2616780866466643,0.11048937177810056,0.2974154659683963,0.4770256229995659,0.82854204503364,1132.758182577657,1.0008949893457293
ITA,PC1,bd30,-0.24998417826336897,0.00774259686248727,0.26963975367188375,-0.7713810527449629,-0.4311393879456581,-0.25143930979068607,-0.07095337137184492,0.26889324341087373,1212.8149702091555,1.0001767157762096
ITA,PC1,bg[1],-10715257094597693e7,4421944429375828e8,8394940196824851e8,-16675608926527546e8,-4131034130535191e8,-14715019130699258e7,12903912037953735e7,16813811176630757e8,3.604198091821541,2.40090715596721
ITA,PC1,lp__,-257.8546020423698,0.03795718176418621,1.1576212807745392,-260.83502291717645,-258.39174297076454,-257.5767611574687,-256.9870471457417,-256.5151253530911,930.1330680959384,1.0037005273738209
ITA,PZ,bg[1],-930784679948456e9,6752529892664238e8,1254992129224237e9,-3665905784849913e9,-1954301390650715e9,-49830935466475226e7,12278111524281317e7,8543334133929535e8,3.454211878887955,2.4032371990293586
ITA,PZ,b0,-2.4854402209376723,0.00662267203114535,0.24366180910951543,-2.989284141962787,-2.642946801854025,-2.4793251696000107,-2.3097399955875924,-2.0424225170930765,1353.6563721363564,0.9993165170120292
ITA,PZ,bd15,-0.4512913231760301,0.01004676705027504,0.3972521084436816,-1.2329424610271054,-0.709118161148049,-0.4520648239951722,-0.1789828572909527,0.32702016519188937,1563.434735680314,0.9991991603640484
ITA,PZ,bd30,0.2414447637559085,0.01049443515911701,0.36172028315850047,-0.49289312006217473,7.837945894781997e-4,0.2530599396908864,0.4943057547883258,0.9548231305816018,1188.0304913524258,0.9993315883254156
ITA,PZ,bg[1],-930784679948456e9,6752529892664238e8,1254992129224237e9,-3665905784849913e9,-1954301390650715e9,-49830935466475226e7,12278111524281317e7,8543334133929535e8,3.454211878887955,2.4032371990293586
ITA,PZ,lp__,-137.87821471784048,0.03923720236977884,1.1884078239935498,-140.9252247601821,-138.48081746422582,-137.5473876679644,-136.99668691181128,-136.53025519118208,917.3497266349603,0.9990460518839708
JPN,C1,bg,-0.00655251182682292,4.766202427242631e-4,0.01576313390412191,-0.03819944109133132,-0.01703161196401322,-0.00667843723272639,0.00387777130959494,0.02418693317663981,1093.8056506178534,1.004426759748866
JPN,C1,b0,0.8331921882352644,1.058275759472201e-4,0.00366329670745044,0.8260631373999685,0.830636783495573,0.8330613554622227,0.8357362917029758,0.840325838554525,1198.247397421387,1.002574574005375
JPN,C1,bg,-0.00655251182682292,4.766202427242631e-4,0.01576313390412191,-0.03819944109133132,-0.01703161196401322,-0.00667843723272639,0.00387777130959494,0.02418693317663981,1093.8056506178534,1.004426759748866
JPN,C1,sigma,0.08234589626923663,4.3652487014984894e-5,0.00169557018524921,0.0790379939129808,0.08119963483786874,0.08235499046908593,0.08349211298679737,0.08544320392653934,1508.7370627293776,0.9993305431979922
JPN,C1,lp__,1184.7261306944329,0.03675753048438708,1.164978127385769,1181.8227552622902,1184.1787266457864,1185.024196007646,1185.6031784847537,1186.0835526334504,1004.4836933057414,1.000018155979042
JPN,C2,bg,-0.02546788107610367,0.00169329634272905,0.06239368524520672,-0.1510067156804848,-0.06712928482649128,-0.02819915987369545,0.01653960107545963,0.1015864971103462,1357.7360042898931,1.0025563853467747
JPN,C2,b0,0.22480403294263665,3.8836748384422806e-4,0.01457836308320684,0.1963342253498166,0.2151476607195653,0.22495372175819756,0.2346484626061611,0.2537490239529455,1409.06751309312,1.003528258656972
JPN,C2,bg,-0.02546788107610367,0.00169329634272905,0.06239368524520672,-0.1510067156804848,-0.06712928482649128,-0.02819915987369545,0.01653960107545963,0.1015864971103462,1357.7360042898931,1.0025563853467747
JPN,C2,sigma,0.22147581104651065,2.1897387303351567e-4,0.00871223123577603,0.2051231814646117,0.21547182135207604,0.22134794596871632,0.2271499051340641,0.2382131870314511,1582.9754796852098,0.9989294160432252
JPN,C2,lp__,26.663808719511913,0.03820436949288031,1.2247223196934356,23.454443732784583,26.141983943703146,26.951101754389377,27.514732528185657,28.025386380525337,1027.659382944155,1.0025399064075649
JPN,PC1,bg[1],14836161567170634e8,20890673808100803e8,4375974661828384e9,-7372445009497659e9,-1586657174063367e9,22840255853125e11,4299794334033203e9,7958324134788028e9,4.387778556641897,1.6575934944861486
JPN,PC1,b0,1.5698010996706104,0.00360839089733153,0.14649322976723797,1.2929390518217203,1.4691948869569291,1.5668928764836147,1.6719252718900142,1.8649593846759192,1648.192566197704,1.0002435166172696
JPN,PC1,bd15,-0.41187542934574456,0.00824126850363515,0.3283583935149362,-1.0695473990032789,-0.63025463825222094,-0.41826134024885153,-0.18471265663623593,0.23620892155651585,1587.4794672334128,1.000545429262326
JPN,PC1,bd30,-0.0850281599711439,0.00759967390709948,0.2770510744977815,-0.6043726277980437,-0.2782318331103776,-0.09294072668220647,0.09749642165733743,0.49479354552668325,1329.0146320817655,0.9994828537701672
JPN,PC1,bg[1],14836161567170634e8,20890673808100803e8,4375974661828384e9,-7372445009497659e9,-1586657174063367e9,22840255853125e11,4299794334033203e9,7958324134788028e9,4.387778556641897,1.6575934944861486
JPN,PC1,lp__,-243.11266944697869,0.03836120117817464,1.195623107546764,-246.07230983175273,-243.70524205023875,-242.80447547977292,-242.23053346090683,-241.7310497387135,971.4136571985352,1.0014841970505055
JPN,PZ,bg[1],-2239538463386481e8,9446391057706976e7,5279800845551979e8,-1227966683960565e9,-4358251521224184e8,-14231223581590132e7,-2935825852579299e7,50803145369111705e7,31.23944011931332,1.0616696593051045
JPN,PZ,b0,-2.5523445669165783,0.00543789304812637,0.22083383677106128,-2.984448695749927,-2.6983101814675123,-2.5433543114823034,-2.3999751821132,-2.1505693894719315,1649.187037259865,1.0012036220067944
JPN,PZ,bd15,0.4607345587947486,0.01246126984197709,0.4876822700789556,-0.48329017748596653,0.12250451115450176,0.4588659885125213,0.7882757212836732,1.4115450628130921,1531.6140186505,1.0007685020415438
JPN,PZ,bd30,-0.39724082780919673,0.01118930989096845,0.4291525622840354,-1.2376637457252442,-0.6840669789875526,-0.3810141040801323,-0.09815973767636856,0.4113181699942709,1471.01403331318,1.000865559963472
JPN,PZ,bg[1],-2239538463386481e8,9446391057706976e7,5279800845551979e8,-1227966683960565e9,-4358251521224184e8,-14231223581590132e7,-2935825852579299e7,50803145369111705e7,31.23944011931332,1.0616696593051045
JPN,PZ,lp__,-127.88034894190244,0.0407133502585056,1.2132207825886967,-131.1974689234481,-128.40266073504705,-127.59747103561172,-126.99277058443091,-126.4704299919807,887.9857560947281,1.0026097498511468
